	msms_score	matched_peaks	feature_id	reference_id	short_inchikey
0	0.22795723902874226	7	43	39413	QFHMNFAUXJAINK
1	0.8841905780921812	9	43	155780	ODKSFYDXXFIFQN
2	0.5759985911123947	7	43	200991	GFAXSDSHYATBAW
3	0.6957576370949695	13	11	65270	LQJAALCCPOTJGB
4	0.5352189551843727	7	11	85149	UOUSOVIIGLVTJY
5	0.7494135847412261	15	11	266108	HMNSRTLZAJHSIK
6	0.3675371989031688	7	15	32171	XTTZAXBOUXWPAU
7	0.552129139061125	10	16	50306	JKHXYJKMNSSFFL
8	0.5416564144975716	8	16	89987	YQAIUOWPSUOINN
9	0.36913393305423225	7	24	27049	ICMJZHFYQVZYQN
10	0.7747566292620904	7	24	42909	HWNGLKPRXKKTPK
11	0.9051225262381448	7	24	86446	FRTKOPTWTJLHNO
12	0.41683797884041557	8	24	130833	LXRUAYBIUSUULX
13	0.20941579727589368	7	24	168285	GAUBNQMYYJLWNF
14	0.2031965069972571	8	24	176354	VZXPDPZARILFQX
15	0.8318032692672326	7	24	191247	XCXUZPXOFFRGGP
16	0.20784042546999779	7	24	224776	JJIHLJJYMXLCOY
17	0.2898962483356264	7	24	250836	XYUPSBLFPTWJLC
18	0.7602251891960629	8	24	269485	WHUUTDBJXJRKMK
19	0.4945144628254004	7	24	284774	YEQXTNAAHMATGV
20	0.8224831826868734	7	21	100881	GVRKWABULJAONN
21	0.4323780423708173	7	22	39362	MMFKFJORZBJVNF
22	0.49738300748179376	9	22	102610	QNBYCZTZNOVDMI
23	0.4341529460320233	10	22	168552	XWOBNBRUDDUEEY
24	0.426974664926365	7	22	188421	IDXZDKMBEXLFMB
25	0.5777259922349481	10	20	46226	ATIPDCIQTUXABX
26	0.6668492326298269	10	20	97410	UWBDLNOCIDGPQE
27	0.42372770746178595	11	20	172552	FMIIKPHLJKUXGE
28	0.761943750004322	11	20	200925	OTXBNHIUIHNGAO
29	0.7506600808094536	8	31	230296	UPJONISHZRADBH
30	0.2587643861414915	7	23	23158	FNBWGTNBJAOJDB
31	0.5714643012671948	15	23	127739	DAQIJMOLTMGJLO
32	0.23697126981538896	11	23	137173	CNNYMGVUSRNOJM
33	0.2508848374998673	10	23	173800	LJYLXAOQGKAHFM
34	0.5908932386326521	17	23	247233	IBIDRSSEHFLGSD
35	0.6357765745543024	7	34	28428	WLXACXSMYVRXAQ
36	0.3602736376397402	8	34	256027	IJMKCGGRBBSJIP
37	0.5342047118868959	7	38	33470	IIORHFPOKSGCHN
38	0.24354855257877928	7	38	37347	QOUZNKNYXDVAOK
39	0.6346737096686278	7	38	158687	FUDYTAXUXYMXPF
40	0.38309943354153575	7	38	160848	YABYTVNSTSAIEE
41	0.699583343340709	7	38	172893	QENVUHCAYXAROT
42	0.6994447286097905	7	38	175915	AVVRXRXZUJFTHU
43	0.6727803237501959	9	38	184782	WNWCQIPRIITCPM
44	0.6582940805021507	7	38	187024	HDQFMSLXNCGZDJ
45	0.3719466556594	7	38	198305	SBZXUDQCWDMXCV
46	0.5805477831254567	7	38	235573	WVWHRXVVAYXKDE
47	0.7209180034075972	7	38	286786	HKOIXWVRNLGFOR
48	0.41642329558023533	7	41	164386	XDCKHCPSQTVMKR
49	0.5141274101269607	13	45	71378	WYBVBIHNJWOLCJ
50	0.5458093453814956	15	45	76720	QYLJIYOGHRGUIH
51	0.642621660910211	8	45	126062	FSRWSNKMDQDICY
52	0.3361471154499524	7	45	190603	CFWNADOJWQRNRY
53	0.6118488270472151	17	45	199966	HYXQKVOADYPQEA
54	0.5973875480402502	10	45	201356	XUUVBLNLKQHRLZ
55	0.6253615646983522	15	45	235739	SENJXOPIZNYLHU
56	0.3372366553590699	9	48	27382	KAFIOMPFBSDFPP
57	0.3287296800893723	7	48	58163	RAIRJKWTBBDDAR
58	0.8279759522134528	10	49	219279	FFEARJCKVFRZRR
59	0.21940192273786432	9	51	15193	AOLHUMAVONBBEZ
60	0.6610232382865262	7	51	20337	MYTOTTSMVMWVJN
61	0.4477971522930559	11	53	183731	APIDTRXFGYOLLH
62	0.7493581389912922	11	53	280431	KAKJTZWHIUWTTD
63	0.3615265702502031	10	59	2738	RQNSKRXMANOPQY
64	0.33329561039763	8	59	133035	MULDYIFYASLLHX
65	0.3835252118905968	10	59	150067	SXGAGTVDWKQYCX
66	0.612548315568049	10	59	172145	ADHNYKZHPOEULM
67	0.42142308586276683	7	55	20443	LLWAOLQUJLWNSA
68	0.7135529490077251	7	55	49094	PGWYJRAHWPKIEV
69	0.7558272926018011	7	55	193841	WZUJXVZQPZOEFE
70	0.9248687926704754	8	60	39362	MMFKFJORZBJVNF
71	0.7347721100739616	9	60	102610	QNBYCZTZNOVDMI
72	0.5337380419107016	9	60	168552	XWOBNBRUDDUEEY
73	0.8992770753203373	8	60	188421	IDXZDKMBEXLFMB
74	0.7018574652074276	14	58	208222	XTWSWDJMIKUJDQ
75	0.252120549062172	12	58	255281	JXNRXNCCROJZFB
76	0.7969535645741842	7	64	209865	ILVGMCVCQBJPSH
77	0.7149611818749334	8	65	181908	QCZYYEFXOBKCNQ
78	0.5452543271241092	11	65	227804	FADYJNXDPBKVCA
79	0.7088232658081643	7	67	215141	VFDJEJCELMPUBS
80	0.7873864852048222	7	67	276605	NAKUGCPAQTUSBE
81	0.26692030020131546	11	66	109297	DCTIDBRLUYVPBC
82	0.29621326651408897	7	71	55311	ADSMKVUNHDDYBH
83	0.5242665423503353	12	71	76101	LIRGSTWGMWYHBN
84	0.5721706321957579	10	71	168630	YOZSEGPJAXTSFZ
85	0.5143464560990958	12	71	263067	YBGXFPUFAGQFCZ
86	0.5778426562915873	8	75	140236	WRFPVMFCRNYQNR
87	0.5277549924964462	8	75	193266	JYPHNHPXFNEZBR
88	0.6548105584386684	9	75	208260	JZKXXXDKRQWDET
89	0.8150045793648596	9	75	222429	OUYCCCASQSFEME
90	0.3091019302618774	10	74	33466	NGSWKAQJJWESNS
91	0.20517331330723446	11	74	71915	WOJKBHBBJMHDNJ
92	0.3851676655458294	8	74	122419	AXMVYSVVTMKQSL
93	0.20386247432349444	9	74	123075	ZAEFHXWWOCVZKR
94	0.3061987498735435	10	74	166240	PMOWTIHVNWZYFI
95	0.2783255767455991	7	74	208838	LTURIPNWWNHWAO
96	0.30507102328423563	10	74	262290	KKSDGJDHHZEWEP
97	0.26400144570421863	11	68	47505	VTJRQLJOIUWHBZ
98	0.21104150944993477	8	78	39328	CKHWEVXPLJBEOZ
99	0.47649210207543347	8	78	166589	VUXMGAKZQBQIAH
100	0.7271586163411284	7	78	255664	XGDCYUQSFDQISZ
101	0.6260976897713356	8	78	278922	TWVKGYNQQAUNRN
102	0.2012754162741575	8	94	92810	IYJILWQAFPUBHP
103	0.3430876485066617	10	94	118224	AQAKHZVPOOGUCK
104	0.2696863721708763	10	94	153262	JQVXLSFKKPJRTC
105	0.31907741716664	8	94	212821	DVCSNHXRZUVYAM
106	0.29344671038780273	8	94	230296	UPJONISHZRADBH
107	0.28786463476117363	8	94	244075	WKXVAXOSIPTXEC
108	0.4001159790612799	10	94	260267	SITLTJHOQZFJGG
109	0.6304556409960348	9	95	28113	YSWHPLCDIMUKFE
110	0.7156788315034408	9	95	191532	PDSLRCZINIDLMU
111	0.28443573163535507	8	95	227430	CLSAEXZTTQJZHA
112	0.6887100490648903	9	95	243646	VVLXCWVSSLFQDS
113	0.5017439068706638	11	85	27505	PQBHGSGQZSOLIR
114	0.36442657618593505	7	85	196292	NIFSXMTZZIQERU
115	0.533484259255661	13	85	276952	OZILORBBPKKGRI
116	0.5110165602384658	7	84	76229	UZVBJAXRMQRZJH
117	0.5862776364679226	8	113	46226	ATIPDCIQTUXABX
118	0.2971164348625391	8	113	97410	UWBDLNOCIDGPQE
119	0.38128685973005666	8	113	172552	FMIIKPHLJKUXGE
120	0.5619515368057449	9	113	200925	OTXBNHIUIHNGAO
121	0.7501925600668446	10	96	90033	MFPVJZYQYCDQAD
122	0.7538638763758627	10	91	117979	FSHURBQASBLAPO
123	0.23201916806368747	7	98	253135	HDXYLJVWTXFAMK
124	0.7691800214537741	7	97	182884	WGWJYTHWZADNIG
125	0.770158222346094	7	97	217222	ALZVPLKYDKJKQU
126	0.6736135973589036	7	97	287630	NLKUJNGEGZDXGO
127	0.5090846151025531	13	121	27505	PQBHGSGQZSOLIR
128	0.5166118456057528	15	121	276952	OZILORBBPKKGRI
129	0.6410780793829861	15	105	71378	WYBVBIHNJWOLCJ
130	0.7048502793143936	16	105	76720	QYLJIYOGHRGUIH
131	0.43181731947300867	14	105	199966	HYXQKVOADYPQEA
132	0.4164949432570964	16	105	235739	SENJXOPIZNYLHU
133	0.3807057260518493	7	105	274229	KYTJFPITNZLESG
134	0.5604586123529454	16	117	183731	APIDTRXFGYOLLH
135	0.3591219133170281	14	117	280431	KAKJTZWHIUWTTD
136	0.6553553619664201	8	122	123076	VBSSYYRKWADWMM
137	0.4597213320642638	14	139	18286	WCRFXRIWBFRZBR
138	0.21575284282367838	7	139	222379	MFEVVAXTBZELLL
139	0.42105760018057486	8	127	6870	ACBDSFHNUQINHT
140	0.6859830041895731	7	100	78040	KTGFOCFYOZQVRJ
141	0.3462519930112684	9	134	107225	ZSXJENBJGRHKIG
142	0.5509491223291589	12	134	152609	MALNXHYEPCSPPU
143	0.2360056207007589	7	125	39328	CKHWEVXPLJBEOZ
144	0.79406810933067	9	125	100881	GVRKWABULJAONN
145	0.2850800039546922	7	125	109432	HQHCPQNJWUYZEB
146	0.22251056981584916	8	125	166589	VUXMGAKZQBQIAH
147	0.2790324308738621	7	125	255664	XGDCYUQSFDQISZ
148	0.9061458241709921	8	130	71204	XBGGUPMXALFZOT
149	0.621490220021955	7	130	288864	HPYDSVWYXXKHRD
150	0.49622876660387205	8	140	97864	KUWNGKYAKRWUKJ
151	0.3362157525322729	11	140	122949	WYJTXYYWNRUUBH
152	0.41706808114104904	9	140	214737	OTOMVESMXUNGCJ
153	0.42440411690239815	8	140	238039	HZKYRFWMACKRST
154	0.33298549310622394	8	140	241017	FTBYHCWBLKZESE
155	0.65377551491192	13	145	71378	WYBVBIHNJWOLCJ
156	0.7125341350054823	14	145	76720	QYLJIYOGHRGUIH
157	0.4358390583767763	14	145	199966	HYXQKVOADYPQEA
158	0.7248831748375151	7	145	201356	XUUVBLNLKQHRLZ
159	0.43266064604191223	15	145	235739	SENJXOPIZNYLHU
160	0.45937830842669436	7	153	217372	XTJMNWQRGOWLAL
161	0.8500503185443005	7	154	262476	ZRJHYOXNWCMGMW
162	0.24086649338914728	9	161	17626	ONPXCLZMBSJLSP
163	0.38169743841645093	12	161	146405	OPFQZSJENUEYCX
164	0.22975427494272296	8	161	183942	NWUDALIQMUEQSX
165	0.22120751827100027	9	161	197294	DUDSGNWUGPURNP
166	0.3532940994336808	7	161	221462	GIOMWAZJQDYWEU
167	0.36120049125385045	9	160	23653	PIIQLZXRLGJEKE
168	0.4021656553044981	7	160	99942	GCVROCDNUNQXAD
169	0.4428796541729525	8	160	132546	FGKYKJLNDFLCPJ
170	0.4877071520915887	7	160	262487	KQOTZCMTYZMKDE
171	0.6314364677274175	9	162	140236	WRFPVMFCRNYQNR
172	0.33507549255412244	7	162	173459	VTPJSQTVPKSYCB
173	0.3783615238186172	9	162	193266	JYPHNHPXFNEZBR
174	0.7496287582282172	10	162	208260	JZKXXXDKRQWDET
175	0.8705450416657708	10	162	222429	OUYCCCASQSFEME
176	0.7145707493844773	12	165	57957	QYFSHTYKVAOVJM
177	0.7042332728414208	10	173	62349	UBLWFFBGMBRBMC
178	0.284582155347165	9	173	79177	KIUSNPVZHFRLAJ
179	0.4677378194990983	8	173	134133	GXNDDRVCUBWYBN
180	0.42203839029712986	8	173	268866	ZSQWOOAPZBZGAZ
181	0.6876541616756895	7	174	56084	NYQBYASWHVRESG
182	0.8304102170013273	7	174	169705	IQHUITKNHOKGFC
183	0.2555760952956394	8	177	258529	KMJMUFMAMDFUQZ
184	0.6672224057177526	17	179	27505	PQBHGSGQZSOLIR
185	0.5933192395584258	7	179	82983	MVUAJZINPWEPIR
186	0.3807487411859479	7	179	186177	FHLHUTNDELTMDD
187	0.3634340717950765	7	179	196292	NIFSXMTZZIQERU
188	0.6105997201236592	7	179	220422	OMAMGHBETNHQJC
189	0.3373609798081808	16	179	276952	OZILORBBPKKGRI
190	0.33068494917089025	22	187	96111	UBDTWQWLVYXBHG
191	0.45778036888301754	20	187	250987	FXJIAFNALAAWRV
192	0.3454169579676264	18	187	269566	LUDQOPCNUVWNPD
193	0.20979560868122796	7	183	267541	KYPMKDGKAYQCHO
194	0.42468840395412666	9	182	183748	CTIJTPTTYGXFDU
195	0.42971822263064113	10	182	278820	SZQNZZPMXSFUDT
196	0.29906030653528387	8	186	23722	VWAVZAMMNJMAEM
197	0.21356705951758348	10	186	50680	YMPSDIOQNNBLRO
198	0.5237382412188659	10	186	57604	XVTAQSGZOGYIEY
199	0.4064172503904623	8	186	81014	QSZQTGNYQLNKAQ
200	0.5075805926588042	9	186	109483	CJXMVKYNVIGQBS
201	0.20412802677590203	7	186	133969	VTAPYUYITKYXJB
202	0.4910273304483581	9	186	217185	CJEXJTRQJSWEAS
203	0.7271442455188007	9	186	235611	BSDNZCQPDVTDET
204	0.4003149064836061	9	186	236595	MNHWRUCVFATHDL
205	0.35001816363807275	10	186	275639	VMUXSMXIQBNMGZ
206	0.2252546968588369	9	195	204597	UXEVFTFWWUXKCP
207	0.24169996119919704	8	200	273305	OWRDBHAORITUMQ
208	0.3126471232646524	7	201	166589	VUXMGAKZQBQIAH
209	0.8534807146397567	9	201	179440	NFDYGNFETJVMSE
210	0.6364376307524046	9	201	209624	BXLYSRPHVMCOPS
211	0.5569257735645207	7	201	255664	XGDCYUQSFDQISZ
212	0.5784393761558303	9	217	48969	MKCVLTRITQNGQI
213	0.3527654845553783	8	217	84600	NNPWPZGBFIMYHW
214	0.23078612345557012	7	217	96340	YYPYBGKXVLPILT
215	0.3720803309141461	7	217	134512	ZMJBQCHPZICNBV
216	0.6768263728532253	10	217	153020	XXSAFGVAPGOYNT
217	0.409108211197042	9	217	158338	XETVJTRZEHOSHI
218	0.48227187219001805	8	217	190285	HUNKOLLSBWNBAS
219	0.46731093491718606	7	217	211922	RMFKNYZAOZOWDN
220	0.5178656335578796	8	250	238253	YSGSDAIMSCVPHG
221	0.4048929758017506	10	231	93449	DRCKHKZYDLJYFQ
222	0.6437141753872914	11	231	207470	LUMXICQAOKVQOB
223	0.35999286503789063	7	231	253899	LRKCBIUDWAXNEG
224	0.6311754942989883	12	231	256572	BQBCIBCLXBKYHW
225	0.3393245901025321	7	223	11760	KGVHCTWYMPWEGN
226	0.7015390716547776	7	223	201740	DKEXFJVMVGETOO
227	0.2845115675604315	7	218	147994	ZJZNLRVCZWUONM
228	0.373607006026947	7	191	41274	DNBZVRJVJAAKNX
229	0.23705643667050794	7	191	46709	PXYSVWQRYUVEJX
230	0.6010257323198325	8	191	72713	LOOAMPJDSIVZQC
231	0.21294997066365864	8	191	131250	BEDLEVDTQLHJSE
232	0.36474659747304033	11	230	153517	RUIOLPSOXWTQMI
233	0.6501866616952289	10	234	122001	OYOQKMOWUDVWCR
234	0.6577562857080427	8	234	229505	VEYJKJORLPYVLO
235	0.7202555120947285	9	238	57957	QYFSHTYKVAOVJM
236	0.30216840114368343	7	240	53521	TWGQGUSNEVWGCY
237	0.3209783935781419	12	240	63267	QZNSDZBPNZUKEQ
238	0.23863144329643626	7	240	206311	UZKQTCBAMSWPJD
239	0.33377760481616403	9	240	228273	FKQQQROPNALGDM
240	0.31095689936231635	10	240	237091	TXKSAMJHOAHOGY
241	0.8117667814615299	19	240	272977	GHOKWGTUZJEAQD
242	0.4522985180247308	9	263	75912	MYFMARDICOWMQP
243	0.39861660235679935	9	263	78030	GOCSGRXGNYPQKL
244	0.2946382995727069	8	263	111788	WVJSFRYGZMBJOD
245	0.502603893528497	9	263	115182	YBAFDPFAUTYYRW
246	0.36357434108117265	9	263	119897	OFRGWBPXUYJGKH
247	0.35231321659044856	10	263	226017	SNCKGJWJABDZHI
248	0.3643281006120505	8	263	280835	SNFUTDLOCQQRQD
249	0.7813589349852038	9	254	51580	VNYDHJARLHNEGA
250	0.717251764418577	7	254	147610	OIDKVWTWGDWMHY
251	0.5120583707822938	8	252	16092	PDQDCFBVYXEFSD
252	0.30769925352016947	11	252	219895	INGJLBQKTRJLFO
253	0.5919663534335742	9	258	215554	OVPYIUNCVSOVNF
254	0.2859286701491225	8	262	166589	VUXMGAKZQBQIAH
255	0.8482687826085838	9	262	179440	NFDYGNFETJVMSE
256	0.6438426141560813	9	262	209624	BXLYSRPHVMCOPS
257	0.5282221312701056	8	262	255664	XGDCYUQSFDQISZ
258	0.5678452611195913	7	262	278922	TWVKGYNQQAUNRN
259	0.5112506523655993	18	264	144759	YXBDSGAPQHJCIN
260	0.36664730299462356	12	264	183222	FRRDNUIIZDKPFD
261	0.5107664931200723	18	264	245807	ANLAGVXTPHOKLD
262	0.4256153491211732	8	261	4773	JMBFYDQTWYSZQM
263	0.2511603135219502	7	261	64968	LTUMHXPXPQDFAN
264	0.32778567484323257	14	265	710	KAFKKRJQHOECGW
265	0.4797106868391809	12	265	125924	YBRHKUNWEYBZGT
266	0.5638673622113715	8	278	127256	DZMGFGQBRYWJOR
267	0.6777961659710118	10	278	165044	MTWJTFBVRDGROD
268	0.3886487213092679	7	272	138598	NUXSIDPKKIEIMI
269	0.5786457088961252	8	277	48969	MKCVLTRITQNGQI
270	0.6758909243839535	8	277	153020	XXSAFGVAPGOYNT
271	0.24348011691171437	8	277	158338	XETVJTRZEHOSHI
272	0.30225952828344765	7	277	190285	HUNKOLLSBWNBAS
273	0.7228321020532773	10	282	144613	JAQGKXUEKGKTKX
274	0.2135879787142601	9	285	4007	ZVDPYSVOZFINEE
275	0.33076260554350323	9	285	92810	IYJILWQAFPUBHP
276	0.30746428361592815	8	285	212821	DVCSNHXRZUVYAM
277	0.6663850802292823	12	287	42685	ITXHVWPICGMUBU
278	0.6284569300058526	14	288	156859	CAKBEMYCCHKGSU
279	0.6553093581879845	8	292	65201	DOFAQXCYFQKSHT
280	0.5145985003868199	10	299	275533	VFFNZZXXTGXBOG
281	0.5221114788012886	8	309	148563	VRPTYZSPBLYXAD
282	0.42833734371494947	7	293	249417	ROHDXJUFQVRDAV
283	0.7182887423007179	10	293	252633	PPQRSMGDOHLTBE
284	0.7932341382949976	7	308	172169	CCMDAWLYCNFDFN
285	0.665521780556329	7	308	238297	ZRLVJNQOEORYIS
286	0.7986212238587926	8	308	241762	XWYXUMDVQIOAPR
287	0.2735574269754896	7	314	35572	OQGRFQCUGLKSAV
288	0.472340496680275	7	314	58271	FBDCJLXTUCMFLF
289	0.278475647908888	7	314	94767	JOMDOYPDYVHPAP
290	0.4771248237509321	8	314	127256	DZMGFGQBRYWJOR
291	0.3068996693036934	7	314	165044	MTWJTFBVRDGROD
292	0.7942289096353057	17	314	182511	ZROUMPAYNHAKNV
293	0.6608355900529908	16	314	196154	OGKMUYSVGRXIOH
294	0.7785126794468287	18	314	217544	WYQWRMWMBQUYSD
295	0.22415161187430258	8	314	245107	DZTHIGRZJZPRDV
296	0.3997544345963556	7	319	153020	XXSAFGVAPGOYNT
297	0.5508240941707018	11	326	169705	IQHUITKNHOKGFC
298	0.310109836399411	7	327	17626	ONPXCLZMBSJLSP
299	0.3218660801125352	8	327	221462	GIOMWAZJQDYWEU
300	0.24496627867425996	7	328	17934	DKWOCYNYXACOCR
301	0.34439323910068564	9	328	48213	LSWJERSIRWNMBX
302	0.2527050996116827	15	328	195770	NYIWEBCNBZGUSO
303	0.24402514870483324	7	330	122001	OYOQKMOWUDVWCR
304	0.4166729394669535	9	330	229505	VEYJKJORLPYVLO
305	0.22010960325253703	9	331	114153	WRCGSWXFJPRBPO
306	0.22016252205392436	7	331	157118	PALMCMYYFAHUGA
307	0.3622457980001833	7	329	2684	TUYOFUHICRWDGA
308	0.5996079904874866	7	329	190821	NTISAKGPIGTIJJ
309	0.2749756447911899	11	334	41594	VXURZHPEJYLPGK
310	0.22777015786219268	7	334	106679	HPWURPWOHPLBEV
311	0.23508818224063893	10	334	121219	SUMQHCXEWHRKGG
312	0.3303683898290411	8	334	148528	PESQCPHRXOFIPX
313	0.2235546247952098	7	334	158836	GYWWOSXLGZQGOQ
314	0.22699415392662273	7	334	179097	VHSAKLVCJZOGTM
315	0.2272783672587983	8	365	16651	MUFXDFWAJSPHIQ
316	0.34203486402397454	8	365	138520	LHSGPCFBGJHPCY
317	0.4328008139822306	9	345	265859	COTCIDNXHCMPCG
318	0.49660447511120165	7	354	18716	NFNVDJGXRFEYTK
319	0.5509660533004614	14	354	75912	MYFMARDICOWMQP
320	0.5155437844312456	12	354	78030	GOCSGRXGNYPQKL
321	0.5330315360858418	10	354	78040	KTGFOCFYOZQVRJ
322	0.2120005526951241	14	354	102860	LVPRWBKBBIOABT
323	0.34310031551560594	11	354	111788	WVJSFRYGZMBJOD
324	0.5868791878132434	14	354	115182	YBAFDPFAUTYYRW
325	0.41395351413263237	13	354	119897	OFRGWBPXUYJGKH
326	0.41212730394317204	14	354	226017	SNCKGJWJABDZHI
327	0.38243656469139903	13	354	280835	SNFUTDLOCQQRQD
328	0.2253129484606411	7	359	59169	DEJXNEHSTOCMNC
329	0.3195231202409881	10	374	57174	MZGYUVNMCYKVFH
330	0.30863000887646364	10	374	70255	ZNFLWFXFHVQUPK
331	0.3166682259361012	8	374	98370	KUWXNIKFLNUYPE
332	0.4527398990874693	8	374	141161	OJEZGVJORRERCL
333	0.4276119973399373	9	374	144898	VXNIFVLSWOZUNG
334	0.3430902483812404	9	374	149469	PYQJYHACQOBZLF
335	0.4151189134674956	10	374	171320	VXRITKUERVYMCQ
336	0.43288680800481	10	374	191829	LTBIZVPBHYPMTF
337	0.36476415666696976	9	374	215922	BAMJSSRCISLLPC
338	0.49437344605621275	10	374	224990	LSGOTAXPWMCUCK
339	0.34523759030743034	9	376	93449	DRCKHKZYDLJYFQ
340	0.6358729607654131	10	376	207470	LUMXICQAOKVQOB
341	0.5755713150703738	11	376	256572	BQBCIBCLXBKYHW
342	0.2822784008742789	10	379	17934	DKWOCYNYXACOCR
343	0.2715672244202682	10	379	195770	NYIWEBCNBZGUSO
344	0.6143550831425298	8	386	1247	JXWLMUIXUXLIJR
345	0.30741236310346715	12	386	6168	IDPGQVFKQDLMJA
346	0.6094791351252071	8	386	101971	IAOZJIPTCAWIRG
347	0.5783001211669846	9	386	146669	SXJDRCVQKGQHOW
348	0.7850732427626712	11	386	180875	XHHOHZPNYFQJKL
349	0.21615827458897893	11	386	242274	FTWOPDCJCRFTHX
350	0.21496903452264485	9	387	104791	CCZXUYRSGKPBHZ
351	0.960169837070512	8	392	135123	XLUAWXQORJEMBD
352	0.6934002355412421	8	392	138351	WVBZFBSAJPFZQS
353	0.7234071161333386	7	392	145513	XRVZANFDTANRQJ
354	0.8183143069206024	8	392	193625	DLSUHFPRLXCWPH
355	0.6132131736707401	8	392	233729	LGBLJRRKJGMNEN
356	0.7439285889279051	7	392	255736	RRYKBMDPLZMZJS
357	0.5367930693637719	7	395	1712	OOYNJNOUMUNCME
358	0.5280665322827337	7	395	4119	NLYFILGTVCXDMN
359	0.49687279378099547	8	395	38221	ZJWHCJTUHCGDHM
360	0.5982033691230701	7	395	102297	PLPBLFIRKVGHBJ
361	0.601586190767793	8	395	122407	LIOACHGLIRJXPY
362	0.41480716176608534	7	395	127659	ZHIFVNACTQEHMW
363	0.5842799564774617	10	395	161615	XPQOARAAVQVKOK
364	0.7084150278009714	7	401	43713	FSXRLASFHBWESK
365	0.40863489498218375	13	403	48969	MKCVLTRITQNGQI
366	0.5430050156014078	11	403	153020	XXSAFGVAPGOYNT
367	0.22728575932274808	10	403	211922	RMFKNYZAOZOWDN
368	0.37132324157469543	7	405	155172	KVEGLZCDCVSBQX
369	0.24640651127810026	7	404	18859	AJYSQFRTOQQIHC
370	0.22831623217370595	7	404	37549	XXSLQZSNYAXLDC
371	0.2874004101152289	8	404	77769	DNTQETPJBFJADK
372	0.24786226829473795	9	404	85440	BRFWSLYVOJFOIW
373	0.25226749606108645	7	404	87971	OPAAMRUSGOVYEU
374	0.258136931718204	7	404	131930	REKMANOBFAZROQ
375	0.2937258906405011	8	404	137296	ZDTLFNOHFIIPHR
376	0.25976263442966435	9	404	154266	RKMAEUSVJAICNS
377	0.2532054760761075	9	404	178161	BSHOWDODIUWLNU
378	0.36084644859391646	7	404	180527	ACMBIXGUHFKCEJ
379	0.3092394893027883	7	404	187830	MROFWNYZINEHSQ
380	0.21276745548660356	8	400	115194	HMYFAHFNQDPUAR
381	0.5948623374044354	8	411	16651	MUFXDFWAJSPHIQ
382	0.4265577426837758	8	411	138520	LHSGPCFBGJHPCY
383	0.6829831174028204	9	411	146537	AUEJLPRZGVVDNU
384	0.6347753362787092	9	411	214947	QJKMCQRFHJRIPU
385	0.3614009493015303	7	428	16092	PDQDCFBVYXEFSD
386	0.5039916369719161	17	428	219895	INGJLBQKTRJLFO
387	0.651123513966286	10	413	122001	OYOQKMOWUDVWCR
388	0.6595765443834579	8	413	229505	VEYJKJORLPYVLO
389	0.3178262906586273	10	433	16710	VKVDRTGWLVZJOM
390	0.641054823949271	7	434	9720	PYOHODCEOHCZBM
391	0.26957964492621495	14	437	38221	ZJWHCJTUHCGDHM
392	0.26428362739975847	15	437	68417	ZUPHXNBLQCSEIA
393	0.5507190288048721	10	439	162134	RXGLHDWAZQECBI
394	0.35706628159331844	8	444	283855	VHKZZJDEEOUSRR
395	0.5389185479312119	10	450	48849	ZEZFFRWWHKSMEB
396	0.359275102136198	10	450	106711	IIYKLCYWWXLYAF
397	0.3600318895665262	9	450	121299	MOPRTFSMCQNUCT
398	0.432323653123102	7	451	182851	PYOHXSMHFJQYIR
399	0.5492501830089737	9	458	48969	MKCVLTRITQNGQI
400	0.6670502032230051	9	458	153020	XXSAFGVAPGOYNT
401	0.2036191239090022	7	458	190285	HUNKOLLSBWNBAS
402	0.23255807678972698	8	457	226037	NEGWDGSDQNLSHS
403	0.2518109175182768	9	460	43713	FSXRLASFHBWESK
404	0.5843116883112601	11	460	109073	CGWAPUBOXJWXMS
405	0.3443296411055632	7	461	59704	GRZHBUGUDUJHNM
406	0.2805314537700351	15	472	38221	ZJWHCJTUHCGDHM
407	0.2748278280775929	15	472	68417	ZUPHXNBLQCSEIA
408	0.2122738511986418	12	472	161615	XPQOARAAVQVKOK
409	0.5078234115615246	7	485	106711	IIYKLCYWWXLYAF
410	0.6490758113101034	14	483	59183	GENSLUDVKWKQMX
411	0.6820705589992682	13	483	255975	KDAHZWKHYACWHQ
412	0.24556485392432045	7	486	9720	PYOHODCEOHCZBM
413	0.4321733630098105	7	486	202054	HGCNKOLVKRAVHD
414	0.5880883576606797	8	487	16651	MUFXDFWAJSPHIQ
415	0.4179949844191555	8	487	138520	LHSGPCFBGJHPCY
416	0.67984698079053	10	487	146537	AUEJLPRZGVVDNU
417	0.6307314333825158	10	487	214947	QJKMCQRFHJRIPU
418	0.4889122120646474	7	490	6801	MHTFRPKYOLEGDG
419	0.5976909456603837	7	490	267408	WICOLBXWGGDYCT
420	0.5613448921299767	10	492	48969	MKCVLTRITQNGQI
421	0.6563926984821288	10	492	153020	XXSAFGVAPGOYNT
422	0.2169597033729084	7	492	190285	HUNKOLLSBWNBAS
423	0.890355300672926	11	494	236231	NAIPAPCKKRCMBL
424	0.6375428586556828	8	496	53973	YHFPHRUWZMEOIX
425	0.3996468070675855	11	499	253806	YDRGSXMNNVCYGU
426	0.35727646429333476	7	509	138156	RITYBYCZDREYDS
427	0.3926573722280722	7	520	176546	MIBQEEUTDAZFDR
428	0.26332012102025987	16	524	15300	KSIHMACFIAFKIG
429	0.6085610983342611	7	529	134000	PNVLWFYAPWAQMU
430	0.632035513159547	8	531	40498	XCEZCXFVJLMPKG
431	0.5925517841527684	8	537	20368	NRFGTHFONZYFNY
432	0.428784780711968	8	537	148561	UCNNZELZXFXXJQ
433	0.8903583874461833	7	538	60661	ZDACRNZBFJOLTC
434	0.896457470104658	8	538	106153	SZJNCZMRZAUNQT
435	0.8010676408875556	7	538	155346	NKUPVYWGJGYSJH
436	0.5599708709553326	7	538	173995	DSQIFKOKOQOCHJ
437	0.6885781065662484	7	538	189990	XAMCMRHCZWDKAS
438	0.6865240945278723	7	538	229860	NAGSETJZBAMZHC
439	0.49110573589138057	8	538	239694	BOQHFRPRUMNNQZ
440	0.4652659921566947	7	538	262645	YYVOQOFDSWQVBH
441	0.34187816566519647	9	548	2684	TUYOFUHICRWDGA
442	0.4734405636695752	10	548	136268	PBOUVYGPDSARIS
443	0.5898607775073671	10	548	136377	OGGRSJFVXREKOR
444	0.31026875811010984	9	548	190821	NTISAKGPIGTIJJ
445	0.26211887056111055	10	549	16710	VKVDRTGWLVZJOM
446	0.2657461214250256	9	551	43713	FSXRLASFHBWESK
447	0.5961264110517313	11	551	109073	CGWAPUBOXJWXMS
448	0.20227041014761624	7	550	243061	UYOVOOPXFQQWGM
449	0.7783523069521469	7	555	44187	NPKBZPFOLSZYNX
450	0.7962642100098616	9	555	50440	QZBUWPVZSXDWSB
451	0.5505707837212608	9	555	57531	BMQAHUYSWMCDPJ
452	0.6498660284446577	9	555	272406	ZMRXWCBDOBLXMB
453	0.5618963254812345	9	555	274564	OVNQNQOVBVQZCE
454	0.4201266216142494	8	559	138156	RITYBYCZDREYDS
455	0.8591152983416692	10	562	103275	NHXZRXLFOBFMDM
456	0.7811859265617108	10	562	129230	USLVEJAHTBLSIL
457	0.8255996528683436	7	570	181064	YUTNOGOMBNYPFH
458	0.8136366926991374	7	570	185865	JNTMAZFVYNDPLB
459	0.7154810911586121	8	578	235478	FPPCCQGECVKLDY
460	0.24760042367387022	7	567	149263	WXZSUBHBYQYTNM
461	0.46270899854381675	12	576	16092	PDQDCFBVYXEFSD
462	0.2470245084608944	9	576	219895	INGJLBQKTRJLFO
463	0.21898016165315978	8	581	40929	NYAHXSXBHAGJRY
464	0.3732114242990357	9	581	64902	AMMJBNICHKNQTL
465	0.2556798016785711	8	581	102726	AFCOWVDDTQUALA
466	0.3575115495116846	9	581	147133	IUJJCTODHWNTJY
467	0.3070358921374075	8	581	218339	PXBGNECBJIHSCJ
468	0.6184267002775966	12	581	218867	GRWVBLRIPRGGPD
469	0.355855906837158	10	581	219570	GXEHMSZCMANLPC
470	0.3321497733086474	8	581	281431	UOYDZPKQPOLDIR
471	0.21624919225666855	12	583	66039	OFXUPDJWFBSIGG
472	0.5372268088828523	9	588	147855	FZBGMXYQPACKNC
473	0.621829944499695	11	597	90421	UPOUGDHEEGKEGS
474	0.6350001297467852	10	597	136946	XIQXUFYJMBDYSU
475	0.6185281093642019	10	597	258746	VURRRCSZDGSKAF
476	0.6829894104627412	8	598	219103	DNDWZFHLZVYOGF
477	0.6913320153085697	9	599	235478	FPPCCQGECVKLDY
478	0.3107822127393561	8	601	1019	MUUXRHIHWJZCLF
479	0.22782853174091164	7	633	11298	QJMCHPGWFZZRID
480	0.4637287385100254	10	633	24561	QPDMOMIYLJMOQJ
481	0.4766242306201483	10	633	31688	FLAZKCMOQNUBTK
482	0.2421596883038869	8	633	206262	PYKYIMCTZCJSJP
483	0.3408907401230967	7	633	256990	VLTYZZCALDIHPH
484	0.3386700955992037	9	633	283898	ALIBGDLGPQIBDM
485	0.4962835579304675	9	645	11923	FVEWTXHYDMOBCF
486	0.725853146651425	8	645	13055	GGVLBQWDIHDAFS
487	0.5421678801799654	14	645	42335	GASLQKLINLFAPU
488	0.6076769895422032	7	645	44722	CSWCMJGHMIGDOH
489	0.38269882328431964	12	645	76085	KMOAZNJTMYDDGX
490	0.3103115028490892	10	645	82764	HJORMJIFDVBMOB
491	0.8942628593468943	8	645	83809	LBIHNERKYNXGRF
492	0.5945627755172884	9	645	85925	VANXPDUAMYNBOB
493	0.3779191751000402	9	645	119256	CSGDXLXTJVRNEA
494	0.4764059917323748	7	645	121733	WVEFQNOWFOGYOJ
495	0.3778520123381571	7	645	181798	NADLNGOJVWPKBY
496	0.7219375998421492	8	645	192372	JKRCSMHOINNVSU
497	0.6996777925685383	12	645	198632	ZBZDEUDHHWTNMS
498	0.36688270234829223	8	645	208569	ZECKKAHILSTZLB
499	0.7093793829528946	9	645	240610	JZSWMKUAEHCXIE
500	0.6636101507637526	8	651	4659	XEHFYXLYVCXDOX
501	0.7717430676513962	11	651	11203	JSJSVEVELHLLJW
502	0.6976955583529139	14	651	36888	ZMHAAVLGKGXDBY
503	0.2646236366765166	7	651	77109	SHAQGFGGJSLLHE
504	0.5448474247882337	11	651	133684	YVHMEMILZVDHEE
505	0.6920470426404292	11	651	142216	BXTFNWWMVUHWQA
506	0.5737074092362366	8	651	145871	FDZOUZUPXGEDPF
507	0.7725861909056192	7	651	148285	KAMHSHAKYKJKHS
508	0.6775043836712675	12	651	159986	OATHAQXNOYQYDA
509	0.39435717137264925	12	651	175044	KIENYUDXZBOMJI
510	0.40567728951025545	15	651	179735	IUFHMUKVSVWRSL
511	0.6467399365416961	14	651	184796	JMBZNSBOSHLXFX
512	0.5228788251623397	12	651	185136	QKYGYGWDLFBXPC
513	0.6533705654242435	8	651	193334	PBINGJFJSSJYJE
514	0.5024114231686736	15	651	194654	SPIWINZXMDJUPE
515	0.7219427878593508	15	651	253520	SLFXHPLQHAPMKD
516	0.7183921118182551	11	651	254448	QLPMLMDURILOQO
517	0.3954243478915802	9	651	272933	CJYKRFPVCQHCSJ
518	0.5122200329790788	8	654	232183	PFRYWNLCZDQOHR
519	0.5189884080904662	7	658	65013	YGFANAKPQTVDEE
520	0.5562157392016418	15	659	126329	FHSNJSGPSZOMPX
521	0.5069196526626095	14	659	169886	VRTHPBIMOLQLGL
522	0.4885838715326754	14	659	224961	NYBZAGXTZXPYND
523	0.370914052007788	8	669	47942	OGBUVKKETBQQGV
524	0.747252702646283	9	669	65137	KBROKGQCALWRSB
525	0.6049466308445427	11	669	77585	YZASJELCRXLHII
526	0.23096601458726826	9	669	77692	MPRVRWZQWWHTAB
527	0.28294667352838776	10	669	81020	KXEFVNKKOIKTBX
528	0.23634923657308088	8	669	82341	BEDDNWWRKODZNI
529	0.7342076983331504	8	669	85195	AENKZYZZDBGGBR
530	0.7141931819088344	8	669	87562	ZDZYRRWSDFKCRU
531	0.7501011686337199	9	669	88367	UJZQEHWESNKDAA
532	0.27388405106277824	7	669	96424	QTTXYRXOYFRRNY
533	0.33834024147761915	12	669	147797	KKOQTAOXNQUZKU
534	0.7218793942087086	7	669	163560	JYJCBJDZVMKEFV
535	0.7685550743634638	8	669	167105	PRUUKHLXZOQJJG
536	0.6225340951902586	11	669	167693	QHLKSESIIKJUHS
537	0.6750491857060401	10	669	179953	GXZMUPRZQIWFJW
538	0.3320147794840609	11	669	193752	SDJTYVJCTXDMTK
539	0.4394306035727817	8	669	205438	ZJEJAGFGZYSLRB
540	0.6394848636961992	10	669	217903	GDIPYEGXOVHMRG
541	0.4901315204112182	11	669	219011	WFICABZBCMBKJQ
542	0.6004775707885681	7	669	238110	TXQJYYDFHFRLKM
543	0.6368232278569758	12	669	259362	ISHNFFHHZDXTGW
544	0.45835853673969956	9	669	280278	JNMUAFHKBRVTFG
545	0.7023544453883506	8	671	9971	SUUZNUVDHYTQQL
546	0.589630045843851	7	671	36591	QDAARMDLSCDBFU
547	0.8666331517466531	7	671	100478	GGLBCWZWKMDRKD
548	0.3557825507943964	9	671	161678	NEMCZEDVHNYBHM
549	0.705397197169714	9	671	186660	CJFZJWKORSTYPX
550	0.6813015588160989	8	671	209581	OGNDPMMWXRHXND
551	0.556166834522881	17	682	126329	FHSNJSGPSZOMPX
552	0.5088411445166824	15	682	169886	VRTHPBIMOLQLGL
553	0.48883817505133914	15	682	224961	NYBZAGXTZXPYND
554	0.42205352765106163	7	685	55882	ZCXNNOMQMVAGJL
555	0.6705158259331596	9	685	57087	DXOACOXGKVCXHF
556	0.31070293254750747	11	685	93495	RLHIOWRACRLEKM
557	0.5019032039393987	13	685	102364	NDPVHILRBFDPHW
558	0.41625049496083283	7	685	123909	WRQDMKSMJOELTQ
559	0.5251433538250929	9	685	131497	HJMBLPWMTXSDPK
560	0.3460019483424931	8	685	157289	PGYKSKQMELEDRI
561	0.20490199179301272	11	685	248587	CEICJEGESGMDJU
562	0.6100831611319947	13	685	250979	LAAYPPBQOSKYRF
563	0.5665768071111202	14	692	13795	DKZHLXJZJWCGBM
564	0.8604628097591365	12	692	14642	IVHGKKQKWPIHDE
565	0.48598332868649696	7	692	23521	PIWAJVIRUDUXKZ
566	0.39100791293626197	9	692	61283	PWLZXPUSJOUTMB
567	0.5130110362009019	14	692	99697	VDNNEEQPXRSHHF
568	0.4588157878622155	18	692	100117	TVVPFXOGAFIPRJ
569	0.7343330600063611	9	692	104650	JWMPXKGOHZLSKJ
570	0.588583829043167	10	692	125597	RXHZLYKOFROSQK
571	0.48286938591351125	9	692	139322	KACACYYTPVUKSL
572	0.574500260452861	14	692	161586	HXYYXPJRHVMUQY
573	0.561919164710176	15	692	165229	ZMIUDPUOTLDSHP
574	0.46305364147820316	7	692	167242	HWDZVCRYTZQKKY
575	0.34951398620038404	14	692	211832	LAMDGBSFVXGCIH
576	0.5368036448350547	10	692	238104	XUYBKWQPNPBFTE
577	0.70474105382195	7	699	57087	DXOACOXGKVCXHF
578	0.31851697469594387	7	699	93495	RLHIOWRACRLEKM
579	0.48450136551249223	8	699	102364	NDPVHILRBFDPHW
580	0.5566369281115612	7	699	131497	HJMBLPWMTXSDPK
581	0.20679772342242575	7	699	248587	CEICJEGESGMDJU
582	0.6232301549953538	8	699	250979	LAAYPPBQOSKYRF
583	0.4767253178935468	8	700	27230	DJXMVWXPGNIAEZ
584	0.21439026899244398	10	700	38919	CNQOOEVGHXHNPR
585	0.42016025704570337	7	700	67592	MRUXVACSRPRMSN
586	0.36351661765817317	7	700	200423	HKBVCNIYXAXHCW
587	0.5825191093853881	7	700	208423	TUTRXAPJZDEZAM
588	0.404554308844642	7	700	274963	AQKACENWDQZESU
589	0.5170711995183722	10	708	27880	VUPGYGJDPXEHAE
590	0.3486036915798311	9	708	77656	XGVSTWLICQYKIZ
591	0.5022940935240774	10	708	111898	BDCXIQBZUKFYBG
592	0.5407304670832117	13	708	113040	LSCSUEAXTUGLRK
593	0.4501202392175039	11	708	114184	WUDTVBZELAVDGQ
594	0.3693727033053176	11	708	130122	HUGUEKHNJYELQB
595	0.3197311933485669	9	708	182693	KYRRXOVGYOKMQX
596	0.35390096072810423	15	708	185441	YZVDZYQLCWDXCS
597	0.5966711887880041	14	708	194983	DUQBGCPHFYMBQE
598	0.8298803157065732	9	708	218389	BYHFAHBQZDFLOS
599	0.39686171669271375	13	708	237934	RTTRQKKYMPTVOO
600	0.7294419229206418	12	708	239205	MTJYFJUODKJGPM
601	0.6031488483502031	12	716	196661	WHGPOTMYFWHMRB
602	0.28825255358626367	12	716	272583	PWSAKIKRNLLDNQ
603	0.3433045105524431	8	729	163805	BMZOZJCMEDYETF
604	0.44626058970506827	7	729	171233	VWXUUZVSNYABJI
605	0.38781613879686044	8	729	189610	BRXNMZOZXCSNGU
606	0.696132347695483	7	729	206679	OWAFRMWUUTWJDD
607	0.50848095959394	7	729	234803	PRGDTRAKLQBBBH
608	0.855297749335897	7	729	267062	IDZMJAPSXVXAMV
609	0.6510725090936924	8	729	267408	WICOLBXWGGDYCT
610	0.36099786730369104	9	729	288314	MESIJDRGJINUCT
611	0.38168958974227996	7	731	48288	VLMOVCPLUVXFOS
612	0.6190317316300643	7	731	281362	LMBFBUICIQJLPK
613	0.5172818977988841	10	733	27880	VUPGYGJDPXEHAE
614	0.33474007283572577	9	733	77656	XGVSTWLICQYKIZ
615	0.4959957476860937	9	733	111898	BDCXIQBZUKFYBG
616	0.5275008793781977	13	733	113040	LSCSUEAXTUGLRK
617	0.4462743757564971	11	733	114184	WUDTVBZELAVDGQ
618	0.36984531943237536	9	733	130122	HUGUEKHNJYELQB
619	0.3228157306026824	8	733	182693	KYRRXOVGYOKMQX
620	0.36256970003267036	12	733	185441	YZVDZYQLCWDXCS
621	0.5888475715830771	9	733	194983	DUQBGCPHFYMBQE
622	0.8289632388754078	9	733	218389	BYHFAHBQZDFLOS
623	0.3916901679054919	13	733	237934	RTTRQKKYMPTVOO
624	0.7330739240838422	10	733	239205	MTJYFJUODKJGPM
625	0.7245895322519168	7	733	253461	ZJIQUKCYEXAGJX
626	0.26469846656395046	14	746	98740	HTCHZSPYYBTSKN
627	0.5213572382975078	15	746	121229	DYKNXAYNNOPVDL
628	0.41612077972376965	15	746	161509	YMCHKWMYNCFJRH
629	0.34971190194685947	16	746	164900	KQQPOPKROBUPQD
630	0.6831718404275994	17	746	265328	HMCYNESTDVUAKN
631	0.6122120806066016	10	759	131278	ADLBIVFEKWBVKQ
632	0.34941586121007157	10	759	138671	GQXSUEBJBXDGSF
633	0.3624456479173513	9	759	196399	QFIWUNYGZZMAFG
634	0.6045690609860441	9	759	224140	MANUURYPOJRHJB
635	0.3388165470474403	10	759	245896	IDYRINHETITPHK
636	0.49324361562788527	10	759	288266	QMQHUZIWKIVYLV
637	0.6890029662941316	13	761	47418	BRAQVHKZUKAFMR
638	0.26495401509521405	11	761	74938	VUAZVPWKLXTCMY
639	0.4617592257931756	13	761	118102	CHEBZMPFNARXFP
640	0.5538601054279317	8	761	209379	VXIDNRDRDTVAPE
641	0.409958109333347	12	761	248837	MWAUUEHKZXYYII
642	0.6793019959123604	10	766	30025	YBDFOLPJANBFKD
643	0.5716259279308664	19	766	44894	RXWKCQWMDSAQBS
644	0.5193370456224465	21	766	63425	LWYHXEXQBAUDEY
645	0.4903762290884817	13	766	141642	FFRDGQMIHWZDLH
646	0.7089619744821544	7	766	147947	PIIOHZSAIKZBRD
647	0.4818289792431339	14	766	241057	LZZPYVXBDCJNEL
648	0.5579898175891198	12	771	44894	RXWKCQWMDSAQBS
649	0.5064361844304853	13	771	63425	LWYHXEXQBAUDEY
650	0.4616302553973195	9	771	141642	FFRDGQMIHWZDLH
651	0.46238755435221474	10	771	241057	LZZPYVXBDCJNEL
652	0.34215489294977214	17	776	162779	JVPPUCMBFMSAPQ
653	0.2379909293636742	7	776	174816	ZJGIXMQFQDVSQX
654	0.3697919749784769	10	776	203084	OMPOKLZXCNSQGH
655	0.4768866533412421	23	792	107601	ZFPAFAWFRTWCSK
656	0.23964063958747106	22	792	246943	ZGDOOBRKAZVQOQ
657	0.268754474317524	29	796	30508	JXCNQILWYPKOLO
658	0.24751711169567267	29	796	78659	ZPAFIFVYEFXGJM
659	0.2684627162255627	28	796	95969	MGRDPWLWGQMMGX
660	0.27887546224728726	29	796	152294	SCLGLFRXJNHKQZ
661	0.2307192056815933	28	796	236150	FSZLXNSBZLJIOC
662	0.2960258257072694	28	796	279074	VPUBCYWEMOGTNW
663	0.2975040625541544	33	794	248651	FCBUKWWQSZQDDI
664	0.2744673908263012	24	801	13711	YJUGEDOVVZWVQY
665	0.22589655560526506	21	801	53456	HVPOUKMBNCGQNV
666	0.3878926356912171	18	801	63853	MJDZHHOHHNSIDH
667	0.28761352332065865	25	801	92592	HGGLIXDRUINGBB
668	0.20445369864089635	23	801	99531	HXWFNTAOIMPSJN
669	0.23766487769168548	21	801	102303	KAUKDAUAIAGTFE
670	0.23237455894338263	20	801	125354	NRKHPUCURQOLAD
671	0.22564809695016497	19	801	149781	IXDKKKJUDKOPHL
672	0.2604349192667682	20	801	181980	YEBAKYNFTNIZGJ
673	0.2231772031088922	21	801	194842	OKRBMWPDGMFNRO
674	0.29092777595126224	22	801	202322	VRYMYLAUIROARJ
675	0.21360534157001954	23	801	212938	OUNTWVOXOAIJPN
676	0.2568053353753077	23	801	213564	DUKIIUKDKITKSX
677	0.23848042686914828	21	801	217415	IVJFFFBKADEWIF
678	0.25077310147114495	22	801	224688	FJJJMVMQOPZHKN
679	0.2800947758215883	21	801	258554	JUGNEDGDLAQFCA
680	0.20288191501395836	24	801	262274	KLCRMOLQCQAIIJ
681	0.3105259591959796	19	801	274423	KCBAKIPOBYUWOG
682	0.610862852653089	23	801	275774	HPMCDJQPMNPVHR
683	0.20709537886010335	21	801	285410	POYQRVMPOBIHHI
684	0.2701844662203344	22	807	13711	YJUGEDOVVZWVQY
685	0.21769329416555663	19	807	53456	HVPOUKMBNCGQNV
686	0.3778464802029242	17	807	63853	MJDZHHOHHNSIDH
687	0.27842983798117443	23	807	92592	HGGLIXDRUINGBB
688	0.23068300635950773	20	807	102303	KAUKDAUAIAGTFE
689	0.22230786356726	20	807	125354	NRKHPUCURQOLAD
690	0.20055953478763264	17	807	137645	QAOKXODNDNENDR
691	0.21937459898390418	17	807	149781	IXDKKKJUDKOPHL
692	0.2528797024465541	20	807	181980	YEBAKYNFTNIZGJ
693	0.2131030246054898	19	807	194842	OKRBMWPDGMFNRO
694	0.28813677358825696	21	807	202322	VRYMYLAUIROARJ
695	0.2107182041400835	21	807	212938	OUNTWVOXOAIJPN
696	0.25694609354912956	21	807	213564	DUKIIUKDKITKSX
697	0.2260074719406007	21	807	217415	IVJFFFBKADEWIF
698	0.24276128900624994	20	807	224688	FJJJMVMQOPZHKN
699	0.27435018421350105	19	807	258554	JUGNEDGDLAQFCA
700	0.20343128171210154	22	807	262274	KLCRMOLQCQAIIJ
701	0.29421971985063194	19	807	274423	KCBAKIPOBYUWOG
702	0.5973023717468848	21	807	275774	HPMCDJQPMNPVHR
703	0.5732725483290078	20	813	3378	HTCXXOQBBXKJIN
704	0.6068646926344157	19	813	6137	FTEUSHRMTWTVTP
705	0.43131726035176887	22	813	8040	OSFBPUCJKKZBQF
706	0.3901411059520906	21	813	8681	MAMHMDFYDMOIJU
707	0.6211035589162408	21	813	10504	RMIANEGNSBUGDJ
708	0.5055241036487015	20	813	13376	RTLTXXDTPFWZLO
709	0.5090046023879197	20	813	15478	SATKHHWXAOEPFJ
710	0.44928819669760944	19	813	15682	NQPSKFJNOYQDNA
711	0.4492246119994732	21	813	16756	FRISMOQHTLZZRP
712	0.37564301457840993	21	813	17581	AOVAKEPXEOVCEW
713	0.3597492569125569	22	813	20308	XKDPZNLHTMQIOY
714	0.35533596938785256	19	813	20642	KGOGPRSGWPOCTI
715	0.6043888564227123	20	813	21095	OLAKPNFIICOONC
716	0.48241074279168766	21	813	22638	MKPMHJQMNACGDI
717	0.6221841035692033	21	813	24311	URQMEZRQHLCJKR
718	0.5614315998504446	21	813	24724	IOJPUZYGYNQZBZ
719	0.6512723222712108	19	813	28996	NZGWDASTMWDZIW
720	0.2730064996670049	20	813	31875	DQGZGGZXMOFHLB
721	0.4969807262316637	20	813	32221	ZAGYKNAXCCJVSM
722	0.5338034936141506	20	813	35195	NDTYTMIUWGWIMO
723	0.2357998455023884	19	813	36379	ZJIQIJIQBTVTDY
724	0.4321881793403322	20	813	39168	MVECHHOAGKYODO
725	0.5162316238319541	20	813	40820	ITEDXWDCHPDNGM
726	0.38197570099471445	22	813	41369	HTLAJCAGSLWZJN
727	0.5400810787689595	19	813	45503	ZYDUOFAYEXDGIS
728	0.6328872659387592	19	813	47204	CZHZFXVHEUOSNA
729	0.5469173347694762	20	813	47888	SOKGDOREHWFRJQ
730	0.6281588605003572	21	813	49028	OVUFWOJDFGZYRB
731	0.31919023918072414	20	813	50987	DUCHBDMNWUYHGL
732	0.43579038976361334	20	813	54800	BLCSHJQURBOXAI
733	0.5843502788272462	19	813	56261	MOQGCGNUWBPGTQ
734	0.5175523962260585	21	813	59372	FXVHTIGBZHVHOB
735	0.5791300268022354	20	813	65530	SKBXVAOMEVOTGJ
736	0.4184283519606552	20	813	66506	SPXGCTAVKRKSKR
737	0.46520994026561535	21	813	66705	TYHKWUGMKWVPDI
738	0.4612456551393711	20	813	67285	ZVZRJSHOOULAGB
739	0.30386258054767806	21	813	70572	LXIWSTYXFPXANW
740	0.6865508159515304	20	813	72000	DBDSRLQPJKTGQF
741	0.24377246960702648	20	813	73284	DUBZPCHJCIFTKB
742	0.466073113554233	19	813	74474	KBVFHOKBXAUWHI
743	0.6602708337995985	22	813	76124	SKKTZNHVYFHGDC
744	0.4688091724576368	19	813	76190	OJTQGSSVGDYALN
745	0.5012275753647593	21	813	76807	SDDQNZKSVASSFO
746	0.4629892137622254	20	813	77718	LXWLBFXNZBZRMK
747	0.5446980151166092	21	813	78188	BLWHTASVUYWISZ
748	0.37085410811397496	19	813	82218	OJLMARCQPSGYNE
749	0.325661302238899	22	813	84329	JZQKTMZYLHNFPL
750	0.28449018871649573	21	813	85186	SQRIUUSIOSHZFA
751	0.6837225927136114	17	813	85272	JDVQAKPXPRCDLX
752	0.4722375152238906	21	813	86538	HAFJUULUJCSUEI
753	0.5948757223617579	19	813	87440	HJAZNDMKYXLLQQ
754	0.4049731389139973	20	813	87441	BKSIPWIAFSUQKX
755	0.5288296184221625	21	813	87853	BAVONGHXFVOKBV
756	0.30038527966148915	19	813	88933	NFUBAHYHMDPSQY
757	0.5234267771179444	21	813	89537	QIHBCMQXRORFNY
758	0.6047932591759105	20	813	91115	NZDAOKCUPPNUTK
759	0.35318695761513963	20	813	92524	AEVLWICMAHGAMS
760	0.3096915312107067	18	813	92745	NOEQSPUVXRMJBW
761	0.39330897538618315	18	813	93834	IRZQJXCCKXGQFV
762	0.4159885654259891	19	813	100995	IEPKFGTVUCUSFU
763	0.5993525674434332	21	813	103278	JVQQTQFGLBPBSV
764	0.4067542943755438	19	813	104405	CALVDKLTOSHCMT
765	0.4717224562913384	22	813	111540	RLYSXAZAJUMULG
766	0.3175620988219657	22	813	114013	YCDULPVXDZNTND
767	0.3833628742465919	20	813	114851	GJJYQFPADNKBDY
768	0.598662493156912	20	813	117781	ZTDBSRAQWPKHIO
769	0.49260595646745514	15	813	119161	VTRZIRKKMKOSQN
770	0.31204287137266973	19	813	123514	IEVYLQISZQFFGA
771	0.5041946840757621	20	813	127946	XFDJWESOIHLOCV
772	0.4526773068465236	21	813	130714	VKAGFXRPRUAOHV
773	0.5168889054085728	17	813	131219	DSSYKIVIOFKYAU
774	0.3333910558100842	20	813	132618	BXBYGLDDEZXFSZ
775	0.4095728051247543	20	813	133430	XCIZLAMMPDJKRZ
776	0.6625057761581881	21	813	137266	ANWGQUDDFBXFAP
777	0.2895210380835934	18	813	137593	FUNBHQNFZWDEMG
778	0.6223975081194426	19	813	138164	TZAXGXBLCOILBQ
779	0.5468713318696661	21	813	138179	OAYBZGPDRAMDNF
780	0.3004325791963371	21	813	141188	TYDDWHVJHGIJCW
781	0.42814327768949756	21	813	141301	MSEVJTQZWWZGMP
782	0.47280815936168663	19	813	142644	OVKDFILSBMEKLT
783	0.4263226590586851	19	813	142912	HBKLKBUNCSHWKO
784	0.6234163643898731	21	813	144625	YYOYQZIEGSUHQG
785	0.655480332400814	20	813	144809	QUDZQFLTGZFKLG
786	0.5377506916381812	21	813	144980	FDSNFOIVNIUNDP
787	0.38356111825410244	19	813	145566	WTEVQBCEXWBHNA
788	0.8210370280687218	20	813	146088	FDTMGJUZXLRTEH
789	0.7054934961952669	17	813	146530	FCTMDYJWWVBWKQ
790	0.49787238521886984	18	813	146704	BIUSXTISNNLMOR
791	0.23175989519477985	22	813	148181	XBLCAKKYMZVLPU
792	0.281496151561031	21	813	149268	QFGBSMZKZAHNKE
793	0.3331703589329	21	813	150869	NHJXCMQPMLBAMK
794	0.402423297152862	18	813	154875	QPHLFYOPLZARDQ
795	0.533322312082341	21	813	155750	SWNKFDXTSKNDOZ
796	0.4288937920511465	18	813	156367	YGYSWSPXSCQPRC
797	0.5716330299442508	21	813	159395	KBPPPUZMFQKLNP
798	0.4139471814317107	19	813	163179	JCDLXWAYWSJVTP
799	0.3008439167396466	21	813	163203	OBWLQYFNTCZMSR
800	0.668835683765012	21	813	164450	YSTPAHQEHQSRJD
801	0.5253600972508787	19	813	165829	UIMAEYMKYMNCGW
802	0.6186618993415651	20	813	166118	CFXJOMGPUADAJE
803	0.39455952404686484	15	813	166867	ZJPQCBPMMANSBE
804	0.48316860551064	21	813	167019	WINXWCKAWOVXQI
805	0.4463419232208471	19	813	169285	GYJXBEFJPRKJOV
806	0.4715086565322158	14	813	170398	OTYVBQZXUNBRTK
807	0.4239009442929115	18	813	172402	KSMRNKXOGJCMES
808	0.2628792398504197	21	813	172668	LIMXJCIGROLRED
809	0.48398226795854754	22	813	173462	OGCGGWYLHSJRFY
810	0.3583604132871465	19	813	173781	YAATZFSMWSSRHJ
811	0.38737446112230156	21	813	174057	VVGFGPNQFFVNKV
812	0.5554051822308415	20	813	178826	MYWZEIPXJWLRJT
813	0.4281324417605922	18	813	179808	FQEXRDMYDXBXEO
814	0.3826740916552854	19	813	181229	SULWOTZUSYCRIP
815	0.4139468965497535	21	813	181351	PGXNVJUNGMMOAV
816	0.42787106550100495	19	813	184125	YWTIDNZYLFTNQQ
817	0.6166487525601106	20	813	185039	USMNOWBWPHYOEA
818	0.7866818129359192	19	813	185385	KNHFDBGGSOSGEO
819	0.3049800653282016	21	813	188863	IYFQOCPXUHQIMN
820	0.4756782781947362	19	813	190011	WQABFSITNCYDBD
821	0.4671054926722843	21	813	190625	UMEJBWOWZDRULR
822	0.44597871152734747	20	813	191501	XIGFNCYVSHOLIF
823	0.5927167412964307	21	813	192665	AZOCECCLWFDTAP
824	0.5058520687926957	20	813	195912	BLPCSYONXDRXMD
825	0.5165579608722181	21	813	200935	RNJOUKUODKCLQA
826	0.5587252197092697	20	813	201166	QYNSYIHTNODQME
827	0.40934570999657494	21	813	203927	RKCYNTWBUKXVLX
828	0.23671582264809923	21	813	207741	NQLKPDBZZUIQGM
829	0.6098439988270642	20	813	208165	BGKHEYBJLXKPGX
830	0.4011119627093873	21	813	208792	DZKBAGWCZKHKBQ
831	0.39738525980087497	22	813	211381	WVANVZNUDWLCTQ
832	0.4899060813044251	21	813	213108	MZJVVSSFVFMRTM
833	0.5435899063947975	21	813	219019	WPGPCDVQHXOMQP
834	0.7995384135222804	17	813	225238	ISNKNHAUYOWDHN
835	0.39267651061731795	15	813	231556	DBUWHSFYMKCJQO
836	0.49319428380948	21	813	231698	IJAJJCQIFGPPLA
837	0.6026127092023436	19	813	233902	GPUOMCZFJZZLJT
838	0.5938794716535594	21	813	237310	KXRGNMKZVAJQJO
839	0.6191955263304623	21	813	237853	CCEFMUBVSUDRLG
840	0.3326006365529571	20	813	238849	HHDOWVHECSBICN
841	0.49926368197127763	19	813	240675	BJSHXSUMHHKJEE
842	0.31552325945997417	20	813	241993	RJXKHBTYHGBOKV
843	0.4819162655067982	20	813	244347	NKSYTTGINLYDDQ
844	0.4867911449471537	20	813	248462	PNVTXOFNJFHXOK
845	0.5528129644969839	21	813	250514	OHCMANJUZNNOQW
846	0.3033901965323304	20	813	251968	IAUTWQNZPYUFQE
847	0.3281569602107581	19	813	260810	GADXMBFTJVBEIN
848	0.2993773874113401	21	813	263029	KWGDFTQDIHRGEF
849	0.50145198065708	15	813	263105	UHZJRKGDIXMHFS
850	0.525593631400102	21	813	263275	DHOYAXXWNDQNLK
851	0.32643914235652516	17	813	264905	HYBLHNGOEIJQDA
852	0.5285811978646167	21	813	268088	XTKWHWITBUCBCZ
853	0.5451722000803374	20	813	271705	VOWISEIPIFOXSP
854	0.6884444755511443	22	813	274505	DJHRXBYWKVQDJY
855	0.48555282275442946	18	813	274880	PSYUARCNIZCTFI
856	0.5370573572239044	21	813	275301	MDFQXBNVOAKNAY
857	0.3378596846856738	21	813	275697	YXGUBJPWGFKWQA
858	0.619683377147793	20	813	276862	LHXDLQBQYFFVNW
859	0.47816580614864446	20	813	281852	PAIVGFRXYIGODL
860	0.5274958001417608	18	813	282431	HWBBMVBLJACLIN
861	0.32299582562128576	21	813	285412	MGJVBPPEWVKZTN
862	0.33070460332297674	19	813	287120	NHMKYUHMPXBMFI
863	0.4089518131198859	14	813	289149	HSRWOAPOKHRLIT
864	0.3134296915860921	21	810	99377	PPMPLIBYTIWXPG
865	0.442746544481194	25	811	107601	ZFPAFAWFRTWCSK
866	0.26649100528593445	23	811	246943	ZGDOOBRKAZVQOQ
867	0.4780742758180588	21	806	1362	XPADGWGAXTYHEE
868	0.29786052173890504	21	806	3872	UAENXMZBFMXPED
869	0.30693421110891167	26	806	4967	BGVBGAIWXAXBLP
870	0.5442818663394119	26	806	5879	PVFWMXSIJMMYOL
871	0.40498832008106095	25	806	7039	BCMYNNIPTQUKAC
872	0.2562173528455686	26	806	7042	YMBRJMLOGNZRFY
873	0.39759847177135377	26	806	7641	QLGVEVWRAQDYRR
874	0.6308189390232286	20	806	9118	GVGCIKKRNRWACL
875	0.282657351430256	23	806	9614	FWCIPMBRFNSLQU
876	0.48209649482737704	17	806	9965	AYEOSGBMQHXVER
877	0.37286501489460666	25	806	10160	SOZFRQIZJUYBNP
878	0.3378304331385495	25	806	10774	BXOURKNXQXLKRK
879	0.4606842483725189	28	806	11365	YRHFOCFOBZVGPU
880	0.569821161532067	26	806	18216	OCALSPDXYQHUHA
881	0.372619760947061	23	806	18756	KIPQPSQOSHQVHF
882	0.4699948301481058	16	806	21381	SXWCTQGESRWYMK
883	0.5008854964509151	28	806	26420	NRHCOYJWLCLYSP
884	0.41182212953886815	27	806	27663	PPPPAMIOMYZOLF
885	0.5239559794899666	28	806	28045	KPBDKJYRYZNWGX
886	0.37188335687880114	27	806	29554	SXJWPJJXFFSWOU
887	0.2501348994549502	24	806	31088	BTHAWHOTHGQIKC
888	0.31494763684867416	25	806	31463	AISZSTYLOVXFII
889	0.2794211886222708	27	806	31798	DUQRVHURUWMFMN
890	0.5136437763811187	26	806	32924	HLVIHBJQDKVEAL
891	0.42832200489375516	23	806	37000	AQVNARNOWAOMFF
892	0.4834458023028413	22	806	38493	LERJQWBUGFVPPU
893	0.46475454083363665	29	806	39197	YUVXGEACJAMMLU
894	0.41710115080435683	27	806	41767	MQTSOTIFLOKJLU
895	0.3471914178423918	23	806	47058	HPKAJXIDKBSLHJ
896	0.5842154222556919	26	806	47379	KTRBKSRKPJSTKT
897	0.36472058132962837	26	806	47740	NBYQSRDPBAVRDT
898	0.44955884420549647	29	806	51317	SEFBSACAUQNBIY
899	0.33769878312045504	28	806	55152	IZVTYOJWVVOBBO
900	0.656404676019021	23	806	60627	MWYYRAMJPYBQNL
901	0.2949369607768959	24	806	61013	HMGXDXWZMSVPMW
902	0.5224085450415826	25	806	61353	DZKDTZWZURCRKI
903	0.45117975914859715	28	806	69772	RJRFVJDPTHVIRV
904	0.41626279322090093	24	806	71361	SFJJSGIYUQQBAK
905	0.5650142543877354	23	806	71424	NSMIMJYEKVSYMT
906	0.5506549379548782	26	806	79540	ZYTLHCDDGYHKDO
907	0.3792011702353487	25	806	80380	VUEGXHXUMOZKKN
908	0.3242992570690402	29	806	80814	GHBSPIPJMLAMEP
909	0.5122368344226268	28	806	83983	RJWWDKCADVZWPF
910	0.5100518166329695	22	806	85697	GJWSUKYXUMVMGX
911	0.4582136785063776	24	806	87818	JDFOIACPOPEQLS
912	0.32702779441417773	23	806	88911	JNCMAYULSXIMJC
913	0.6297811371392332	26	806	90820	UKZUYKZFAACFKI
914	0.4418470639415205	29	806	90835	WKZWTZTZWGWEGE
915	0.5878746066784066	27	806	92173	STYUSQRDZFXHKT
916	0.2213208608016211	21	806	94137	RLJHTNFNGCCVON
917	0.4417958454062818	28	806	94587	ZWNPUELCBZVMDA
918	0.5330803692670488	27	806	96117	TYDFAQBVUJWLCN
919	0.5026956308831243	27	806	97057	XKZKQTCECFWKBN
920	0.5060516098973971	26	806	97504	NPQYAQHVIOYJKX
921	0.4855762558000212	24	806	98798	BRHDDEIRQPDPMG
922	0.26487103297212544	26	806	99698	DCRWHTXIWYNJKU
923	0.6290079190483787	28	806	100541	CDEBGVXOFDWUAF
924	0.43443164330651984	25	806	100686	NICSDZQHMJNINX
925	0.5201990792793917	26	806	102250	PHXNWSHRRVPWLO
926	0.36325893150808847	24	806	102774	YDGOIHYUXBNION
927	0.473817842022654	28	806	102897	GIABTDUEDSBLGQ
928	0.4389041482806979	27	806	103489	NASUDDVEKFXWQL
929	0.4948124411699313	28	806	103768	IAXJWKAHMIYBRY
930	0.2885964882630223	28	806	105254	SXANEOXSBPWLFG
931	0.5563883602708284	26	806	105435	RMVQEJVZIPNRJR
932	0.3414885886324429	24	806	107881	NATYWEGXDILEEH
933	0.2419607730855358	24	806	109011	RAMZBSSISHLRAN
934	0.33159738608910105	28	806	114565	YLLPOUNPAFCEFB
935	0.48745019225334985	27	806	118473	MOQUYOOKLXGFAS
936	0.6204588938373372	28	806	127099	QNZZGEDTDYWNFN
937	0.5270426498004682	25	806	129720	FDFWHRNPMYVNLX
938	0.5056061346824476	28	806	130922	GHWDNWYSPJOBQJ
939	0.3723371979520385	28	806	137052	RZRBXGPSHVAUQO
940	0.2531509575937362	25	806	138470	NJGRAROLUOYDRP
941	0.5511231317442534	27	806	143037	UJUXUEKQHBXUEM
942	0.21923984717580067	21	806	143621	MZNHUHNWGVUEAT
943	0.5211325266319603	29	806	145210	QQMJLNCENDJRCL
944	0.40456935260746696	25	806	149651	BQZSFXARLMHSGX
945	0.5252626411502826	27	806	151913	JQMCHZCJLKMHFF
946	0.3127588059460945	23	806	152114	FCNWQRNZDOCNNH
947	0.6338742568431145	26	806	153732	PTCYLOJKSMVJTR
948	0.36521421924910735	19	806	155083	WDXVMRTXRLXPOC
949	0.3877828264002765	25	806	156277	ZJALAEQNHJQSTN
950	0.3948657150421729	28	806	157006	WWCPMBYZQFGLBJ
951	0.48016624855800916	28	806	158262	WXBXVVIUZANZAU
952	0.47295099494751036	25	806	158315	WHOYVNZMAORLBI
953	0.5320287554167522	26	806	158939	XYKGEKWHBMLSGS
954	0.3513464135004527	22	806	161311	NOTFZGFABLVTIG
955	0.2263605008355463	25	806	165721	YFVHFVBKJFHSAE
956	0.44142765191764843	29	806	166156	JXEBWOKMCCSZAX
957	0.4078700975820808	19	806	169639	YCPDOSBDNBUOBD
958	0.5339059159902403	24	806	170215	OFWOMCSHJWTBGF
959	0.4454328199391217	25	806	173068	GGAXPLCKKANQED
960	0.5256657164680717	27	806	176477	OMDMTHRBGUBUCO
961	0.49280900301608116	29	806	178873	KHAVLLBUVKBTBG
962	0.289149196933595	27	806	179497	IFYYFLINQYPWGJ
963	0.5093629850002437	22	806	179754	QEOHJVNDENHRCH
964	0.40257020560294743	25	806	180187	WRUZCQAJIHSQPL
965	0.3253121765062003	24	806	182211	BCTBAGTXFYWYMW
966	0.5317702104084352	27	806	184832	QSTIEDLLZLAZEK
967	0.3854505412280134	21	806	187517	MNNUMABXOYEVSY
968	0.4221125996573547	28	806	192272	MCCVCDVTCCDPLO
969	0.5941936988254485	28	806	196484	WFCWMXSGKWYJHY
970	0.47514205528430453	26	806	200364	MHPJMRRHDSSIFQ
971	0.3868880710273267	27	806	201438	NTSNDVXMQVLQPO
972	0.4815931882650019	28	806	207380	MTDCXFZGUVZRSQ
973	0.4643923303478645	26	806	208716	UOOWECZOWUNYLA
974	0.37304475934273634	28	806	211186	VUWWMPVZMHGCMR
975	0.5652321640244511	22	806	212892	HZHJGFRDKJPQPV
976	0.23949950620132734	25	806	218128	ZBDAMDWKXGTKBT
977	0.33199292401832214	27	806	219521	NJOLKFFMJYRJEM
978	0.57559538314482	26	806	219603	PREUOUJFXMCMSJ
979	0.21005285283091568	23	806	222246	NMQKRFRZSBQYQF
980	0.5552243872823039	29	806	223709	FPWYXHKGPQQAAG
981	0.4867543122731307	25	806	225202	JDSDERGMFLUIDY
982	0.4749431657397611	26	806	228091	ZAKWGQOSOHQPJA
983	0.35346611650179	22	806	228173	FGKHFTMVWRRKQK
984	0.4646972520568617	26	806	228621	ZNWNWEHQFXOPGK
985	0.31254447906819816	25	806	228696	LCRYKIFRBLQIAW
986	0.2609039171974892	26	806	235464	LOQFOBUZYRBURV
987	0.4143946361435795	22	806	238105	SATQWIIUJKWZNO
988	0.4645358681462803	27	806	241836	LFFMGBUZSOSQGW
989	0.45220003020676564	22	806	245299	OPVSKLFHWQRZKR
990	0.5210570080728862	17	806	247464	TYOOXFQTUDXXCL
991	0.35706545265267225	26	806	248018	ULSDZTSFFJKLTM
992	0.42260798762211	27	806	248769	YBNBHWAREBTVKH
993	0.4412473912586077	24	806	251265	FRUCUVNBDSNCEC
994	0.31263926599507386	23	806	253940	LIAJPRXDHOZJHW
995	0.7073552202104832	28	806	254179	NCNOFEZLRJLBDH
996	0.44877815874472776	27	806	254738	DOJDQRFOTHOBEK
997	0.509473704730721	24	806	254890	XWFVRMWMBYDDFY
998	0.28920898950614304	26	806	258474	PAGHIWUUOWSEOR
999	0.4025467310367643	25	806	258722	HTAYHYIXWTXAKV
1000	0.5141196911327102	29	806	259553	YBXSTMNNKQLBCD
1001	0.5070222898625821	25	806	261521	MBRLTLPMVMFRTJ
1002	0.3707147124392433	29	806	268284	QROBLGJXQXVLDI
1003	0.3912669297422865	26	806	269324	CSRABKKYPRURRM
1004	0.4158482717245332	21	806	271762	ZBTGPMOUTUVXJH
1005	0.45032885234391395	27	806	274290	CPVUNKGURQKKKX
1006	0.5240073487212933	24	806	282953	GSEDQEXTVARKJC
1007	0.5198964463515611	28	806	287688	OAVCMWACTGJJSK
1008	0.37640162375339387	27	830	33065	CARLURCVFKTIGN
1009	0.23792393127426284	20	830	276194	CYVCWJFCDOCMSN
1010	0.31963146936515296	7	835	239502	YMGXOQLWSYJFSD
1011	0.40989001620307824	33	844	33065	CARLURCVFKTIGN
1012	0.23006914216914892	19	844	276194	CYVCWJFCDOCMSN
1013	0.5688334495276497	7	850	63278	URMVFILWXLQJIP
1014	0.5719993870888853	7	851	63278	URMVFILWXLQJIP
1015	0.5738785736572986	8	852	63278	URMVFILWXLQJIP
