#Scan#	SpectrumFile	Annotation	OrigAnnotation	Protein	dbIndex	numMods	matchOrientation	startMass	Charge	MQScore	p-value	isDecoy	StrictEnvelopeScore	UnstrictEvelopeScore	CompoundName	Organism	FileScanUniqueID	FDR	LibraryName	mzErrorPPM	LibMetaData	Smiles	Inchi	LibSearchSharedPeaks	Abundance	ParentMassDiff	SpecMZ	ExactMass	LibrarySpectrumID
192	spectra_filtered.mgf	*..*		:408	885	-1	0	166.083	1	0.993759	0	0	62554700.0	3295160000.0	Spectral Match to DL-Phenylalanine from NIST14 M+H	GNPS-NIST14-MATCHES	temp/spectra_filtered.mgf192	-1	GNPS-NIST14-MATCHES.mgf	19.3855				6	0	0.0032196	166.086	0	CCMSLIB00003135371
393	spectra_filtered.mgf	*..*		:1236	2120	-1	0	245.186	1	0.993705	0	0	13830300.0	616873000.0	Spectral Match to Ile-Leu from NIST14 M+H	GNPS-NIST14-MATCHES	temp/spectra_filtered.mgf393	-1	GNPS-NIST14-MATCHES.mgf	0.933503				6	0	0.000228882	245.186	0	CCMSLIB00003136607
321	spectra_filtered.mgf	*..*		:408	885	-1	0	166.083	1	0.993623	0	0	62554700.0	20833300.0	Spectral Match to DL-Phenylalanine from NIST14 M+H	GNPS-NIST14-MATCHES	temp/spectra_filtered.mgf321	-1	GNPS-NIST14-MATCHES.mgf	19.3855				6	0	0.0032196	166.086	0	CCMSLIB00003135371
597	spectra_filtered.mgf	*..*		:2041	4115	-1	0	213.16	1	0.989971	0	0	18493700.0	13328500.0	Spectral Match to Val-Leu from NIST14 M+H-H2O	GNPS-NIST14-MATCHES	temp/spectra_filtered.mgf597	-1	GNPS-NIST14-MATCHES.mgf	0.787421				10	0	0.000167847	213.16	0	CCMSLIB00003138602
857	spectra_filtered.mgf	*..*		:8563	283	-1	0	185.081	1	0.988285	0	0	9596610.0	54060600.0	Asperlactone M+H	TUEBINGEN-NATURAL-PRODUCT-COLLECTION	temp/spectra_filtered.mgf857	-1	TUEBINGEN-NATURAL-PRODUCT-COLLECTION.mgf	515.439				8	0	0.0953979	184.986	0	CCMSLIB00011906249
600	spectra_filtered.mgf	*..*		:12259	12705	-1	0	167.107	1	0.986015	0	0	7344730.0	4994160.0	(S)-(-)-Perillic acid CollisionEnergy:102040 M+H	BERKELEY-LAB	temp/spectra_filtered.mgf600	-1	BERKELEY-LAB.mgf	563.757				6	0	0.0942078	167.013	0	CCMSLIB00010114693
682	spectra_filtered.mgf	*..*		:2960	6818	-1	0	325.068	1	0.984279	0	0	1772840000.0	968226000.0	Pyochelin M+H	GNPS-LIBRARY	temp/spectra_filtered.mgf682	-1	GNPS-LIBRARY.mgf	0.844925				12	0	0.000274658	325.068	0	CCMSLIB00005724305
422	spectra_filtered.mgf	*..*		:2976	2976	-1	0	152.071	1	0.984024	0	0	972652.0	47269600.0	Massbank:EA024310 Paracetamol|Acetaminophen|N-(4-hydroxyphenyl)acetamide [M+H]+	MASSBANK	temp/spectra_filtered.mgf422	-1	MASSBANK.mgf	2.60884				6	0	0.000396729	152.071	0	CCMSLIB00000207717
67	spectra_filtered.mgf	*..*		:186	2911	-1	0	235.115	1	0.982941	0	0	2418390.0	61921000.0	Spectral Match to His-Pro from NIST14 M+H-H2O	GNPS-NIST14-MATCHES	temp/spectra_filtered.mgf67	-1	GNPS-NIST14-MATCHES.mgf	15.9003				9	0	0.0037384	235.119	0	CCMSLIB00003137398
563	spectra_filtered.mgf	*..*		:1094	4221	-1	0	313.154	1	0.982675	0	0	2847140.0	142835000.0	Spectral Match to Phe-Phe from NIST14 M+H	GNPS-NIST14-MATCHES	temp/spectra_filtered.mgf563	-1	GNPS-NIST14-MATCHES.mgf	1.75414				6	0	0.000549316	313.155	0	CCMSLIB00003138708
63	spectra_filtered.mgf	*..*		:269	662	-1	0	179.128	1	0.98241	0	0	1295760.0	193737000.0	Spectral Match to Pro-Ile-Lys from NIST14 M+2H	GNPS-NIST14-MATCHES	temp/spectra_filtered.mgf63	-1	GNPS-NIST14-MATCHES.mgf	1.78886				12	0	0.000320435	179.128	0	CCMSLIB00003135148
376	spectra_filtered.mgf	*..*		:223	5597	-1	0	233.149	1	0.982238	0	0	3146420.0	12896600.0	Spectral Match to Thr-Leu from NIST14 M+H	GNPS-NIST14-MATCHES	temp/spectra_filtered.mgf376	-1	GNPS-NIST14-MATCHES.mgf	1.89795				10	0	0.000442505	233.149	0	CCMSLIB00003140084
416	spectra_filtered.mgf	*..*		:3692	323	-1	0	166.086	1	0.981197	0	0	453767.0	7977050.0	Cinnamic acid (known structural isomers: 1; isobaric peaks in run: 1) [M+NH4]+	CMMC-FOOD-BIOMARKERS	temp/spectra_filtered.mgf416	-1	CMMC-FOOD-BIOMARKERS.mgf	1.0106				7	0	0.000167847	166.086	0	CCMSLIB00013576495
31	spectra_filtered.mgf	*..*		:1	27	-1	0	247.128	1	0.980384	0	0	1.54	87806900.0	Val-Glu M+H	WINE-DB-ORBITRAP	temp/spectra_filtered.mgf31	-1	WINE-DB-ORBITRAP.mgf	2.53152				6	0	0.00062561	247.129	0	CCMSLIB00013639057
329	spectra_filtered.mgf	*..*		:375	3413	-1	0	263.142	1	0.978867	0	0	1654550.0	68217900.0	Spectral Match to Ile-Met from NIST14 M+H	GNPS-NIST14-MATCHES	temp/spectra_filtered.mgf329	-1	GNPS-NIST14-MATCHES.mgf	0.695843				9	0	0.000183105	263.142	0	CCMSLIB00003137900
305	spectra_filtered.mgf	*..*		:693	3040	-1	0	204.136	2	0.974374	0	0	1074300.0	15680300.0	Spectral Match to Phe-Leu-Lys from NIST14 M+2H	GNPS-NIST14-MATCHES	temp/spectra_filtered.mgf305	-1	GNPS-NIST14-MATCHES.mgf	0.0747482				7	0	203.129	204.136	0	CCMSLIB00003137527
557	spectra_filtered.mgf	*..*		:14338	14338	-1	0	265.155	1	0.974136	0	0	130.804	59387600.0	H-VAL-PHE-OH [M+H]+	MSNLIB-POSITIVE	temp/spectra_filtered.mgf557	-1	MSNLIB-POSITIVE.mgf	1.7264				7	0	0.000457764	265.155	0	CCMSLIB00012288639
204	spectra_filtered.mgf	*..*		:558	12179	-1	0	190.107	1	0.973561	0	0	2921260.0	33954100.0	butyrylhomoserine M+H	GNPS-LIBRARY	temp/spectra_filtered.mgf204	-1	GNPS-LIBRARY.mgf	1.20396				9	0	0.000228882	190.107	0	CCMSLIB00010013036
465	spectra_filtered.mgf	*..*		:1811	5068	-1	0	263.138	1	0.973539	0	0	2502120.0	318107000.0	Spectral Match to Pro-Phe from NIST14 M+H	GNPS-NIST14-MATCHES	temp/spectra_filtered.mgf465	-1	GNPS-NIST14-MATCHES.mgf	3.24732				7	0	0.000854492	263.139	0	CCMSLIB00003139555
659	spectra_filtered.mgf	*..*		:2960	6818	-1	0	325.068	1	0.972433	0	0	1772840000.0	1578860000.0	Pyochelin M+H	GNPS-LIBRARY	temp/spectra_filtered.mgf659	-1	GNPS-LIBRARY.mgf	1.03269				13	0	0.000335693	325.068	0	CCMSLIB00005724305
365	spectra_filtered.mgf	*..*		:872	3488	-1	0	295.159	1	0.971399	0	0	1826430.0	335502000.0	Spectral Match to Ile-Tyr from NIST14 M+H	GNPS-NIST14-MATCHES	temp/spectra_filtered.mgf365	-1	GNPS-NIST14-MATCHES.mgf	20.5753				8	0	0.006073	295.165	0	CCMSLIB00003137975
85	spectra_filtered.mgf	*..*		:340	3362	-1	0	322.187	1	0.970203	0	0	381355.0	98546100.0	Spectral Match to Phe-Arg from NIST14 M+H	GNPS-NIST14-MATCHES	temp/spectra_filtered.mgf85	-1	GNPS-NIST14-MATCHES.mgf	0.18944				12	0	6.10352e-05	322.187	0	CCMSLIB00003137849
262	spectra_filtered.mgf	*..*		:262	4591	-1	0	219.134	1	0.970178	0	0	26790900.0	62410500.0	Spectral Match to Ser-Leu from NIST14 M+H	GNPS-NIST14-MATCHES	temp/spectra_filtered.mgf262	-1	GNPS-NIST14-MATCHES.mgf	1.18375				7	0	0.000259399	219.134	0	CCMSLIB00003139078
231	spectra_filtered.mgf	*..*		:223	5597	-1	0	233.149	1	0.967135	0	0	3146420.0	191814000.0	Spectral Match to Thr-Leu from NIST14 M+H	GNPS-NIST14-MATCHES	temp/spectra_filtered.mgf231	-1	GNPS-NIST14-MATCHES.mgf	1.43982				10	0	0.000335693	233.149	0	CCMSLIB00003140084
594	spectra_filtered.mgf	*..*		:828	4464	-1	0	245.186	1	0.964806	0	0	3489360.0	64277300.0	Spectral Match to Ile-Leu from NIST14 M+H	GNPS-NIST14-MATCHES	temp/spectra_filtered.mgf594	-1	GNPS-NIST14-MATCHES.mgf	0.124467				6	0	3.05176e-05	245.186	0	CCMSLIB00003138951
43	spectra_filtered.mgf	*..*		:10382	10382	-1	0	175.12	1	0.96408	0	0	17916.1	38824000.0	Massbank:PB000420 Arginine|2-amino-5-(diaminomethylideneamino)pentanoic acid [M+H]+	MASSBANK	temp/spectra_filtered.mgf43	-1	MASSBANK.mgf	6.88353				6	0	0.00120544	175.119	0	CCMSLIB00000221715
121	spectra_filtered.mgf	*..*		:340	3362	-1	0	322.187	1	0.963467	0	0	381355.0	6651650.0	Spectral Match to Phe-Arg from NIST14 M+H	GNPS-NIST14-MATCHES	temp/spectra_filtered.mgf121	-1	GNPS-NIST14-MATCHES.mgf	0.28416				12	0	9.15527e-05	322.187	0	CCMSLIB00003137849
201	spectra_filtered.mgf	*..*		:262	4591	-1	0	219.134	1	0.962365	0	0	26790900.0	526428000.0	Spectral Match to Ser-Leu from NIST14 M+H	GNPS-NIST14-MATCHES	temp/spectra_filtered.mgf201	-1	GNPS-NIST14-MATCHES.mgf	1.11412				6	0	0.000244141	219.134	0	CCMSLIB00003139078
556	spectra_filtered.mgf	*..*		:1530	1299	-1	0	229.155	1	0.962253	0	0	2007680.0	3358880.0	Spectral Match to Pro-Leu from NIST14 M+H	GNPS-NIST14-MATCHES	temp/spectra_filtered.mgf556	-1	GNPS-NIST14-MATCHES.mgf	3.72888				8	0	0.000854492	229.154	0	CCMSLIB00003135785
254	spectra_filtered.mgf	*..*		:715	1113	-1	0	279.133	1	0.958914	0	0	3556820.0	79853600.0	Spectral Match to Tyr-Pro from NIST14 M+H	GNPS-NIST14-MATCHES	temp/spectra_filtered.mgf254	-1	GNPS-NIST14-MATCHES.mgf	5.1385				8	0	0.00143433	279.134	0	CCMSLIB00003135599
577	spectra_filtered.mgf	*..*		:4012	3262	-1	0	245.129	1	0.958052	0	0	486541.0	41682000.0	Spectral Match to Phe-Pro from NIST14 M+H-H2O	GNPS-NIST14-MATCHES	temp/spectra_filtered.mgf577	-1	GNPS-NIST14-MATCHES.mgf	2.42767				7	0	0.000595093	245.128	0	CCMSLIB00003137749
75	spectra_filtered.mgf	*..*		:1941	10236	-1	0	182.081	1	0.957893	0	0	3883160.0	616087000.0	Tyrosine - 50.00 eV M+H	GNPS-LIBRARY	temp/spectra_filtered.mgf75	-1	GNPS-LIBRARY.mgf	0.670418				6	0	0.00012207	182.081	0	CCMSLIB00005885094
20	spectra_filtered.mgf	*..*		:92	3247	-1	0	260.197	1	0.957354	0	0	1188580.0	106274000.0	Spectral Match to Ile-Lys from NIST14 M+H	GNPS-NIST14-MATCHES	temp/spectra_filtered.mgf20	-1	GNPS-NIST14-MATCHES.mgf	0.938292				8	0	0.000244141	260.197	0	CCMSLIB00003137734
326	spectra_filtered.mgf	*..*		:500	531	-1	0	267.134	1	0.956878	0	0	6789540.0	55141600.0	Spectral Match to Thr-Phe from NIST14 M+H	GNPS-NIST14-MATCHES	temp/spectra_filtered.mgf326	-1	GNPS-NIST14-MATCHES.mgf	1.37089				9	0	0.000366211	267.134	0	CCMSLIB00003135017
497	spectra_filtered.mgf	*..*		:1530	1299	-1	0	229.155	1	0.95564	0	0	2007680.0	7971880.0	Spectral Match to Pro-Leu from NIST14 M+H	GNPS-NIST14-MATCHES	temp/spectra_filtered.mgf497	-1	GNPS-NIST14-MATCHES.mgf	2.19738				7	0	0.00050354	229.154	0	CCMSLIB00003135785
250	spectra_filtered.mgf	*..*		:265	3993	-1	0	249.126	1	0.955578	0	0	15810500.0	142200000.0	Spectral Match to Val-Met from NIST14 M+H	GNPS-NIST14-MATCHES	temp/spectra_filtered.mgf250	-1	GNPS-NIST14-MATCHES.mgf	1.59248				8	0	0.000396729	249.126	0	CCMSLIB00003138480
113	spectra_filtered.mgf	*..*		:253	2211	-1	0	260.197	1	0.954863	0	0	7872000.0	739536000.0	Spectral Match to Lys-Leu from NIST14 M+H	GNPS-NIST14-MATCHES	temp/spectra_filtered.mgf113	-1	GNPS-NIST14-MATCHES.mgf	1.29015				9	0	0.000335693	260.197	0	CCMSLIB00003136698
93	spectra_filtered.mgf	*..*		:149	3561	-1	0	233.149	1	0.954128	0	0	2842770.0	342339000.0	Spectral Match to Ile-Thr from NIST14 M+H	GNPS-NIST14-MATCHES	temp/spectra_filtered.mgf93	-1	GNPS-NIST14-MATCHES.mgf	1.37438				6	0	0.000320435	233.149	0	CCMSLIB00003138048
341	spectra_filtered.mgf	*..*		:872	3488	-1	0	295.159	1	0.953873	0	0	1826430.0	283270000.0	Spectral Match to Ile-Tyr from NIST14 M+H	GNPS-NIST14-MATCHES	temp/spectra_filtered.mgf341	-1	GNPS-NIST14-MATCHES.mgf	99.6715				7	0	0.0294189	295.13	0	CCMSLIB00003137975
174	spectra_filtered.mgf	*..*		:194	2675	-1	0	267.134	1	0.952858	0	0	2334330.0	71790400.0	Spectral Match to Phe-Thr from NIST14 M+H	GNPS-NIST14-MATCHES	temp/spectra_filtered.mgf174	-1	GNPS-NIST14-MATCHES.mgf	1.37089				7	0	0.000366211	267.134	0	CCMSLIB00003137162
413	spectra_filtered.mgf	*..*		:226	3117	-1	0	281.149	1	0.952422	0	0	403412.0	24890400.0	Spectral Match to Tyr-Val from NIST14 M+H	GNPS-NIST14-MATCHES	temp/spectra_filtered.mgf413	-1	GNPS-NIST14-MATCHES.mgf	1.62819				7	0	0.000457764	281.149	0	CCMSLIB00003137604
234	spectra_filtered.mgf	*..*		:226	3117	-1	0	281.149	1	0.952318	0	0	403412.0	406202000.0	Spectral Match to Tyr-Val from NIST14 M+H	GNPS-NIST14-MATCHES	temp/spectra_filtered.mgf234	-1	GNPS-NIST14-MATCHES.mgf	0.976913				7	0	0.000274658	281.149	0	CCMSLIB00003137604
607	spectra_filtered.mgf	*..*		:1265	3495	-1	0	279.17	1	0.951795	0	0	2768330.0	24485300.0	Spectral Match to Leu-Phe from NIST14 M+H	GNPS-NIST14-MATCHES	temp/spectra_filtered.mgf607	-1	GNPS-NIST14-MATCHES.mgf	2.18631				7	0	0.000610352	279.171	0	CCMSLIB00003137982
420	spectra_filtered.mgf	*..*		:14335	14335	-1	0	265.155	1	0.951228	0	0	167.207	613121000.0	H-VAL-PHE-OH [M+H]+	MSNLIB-POSITIVE	temp/spectra_filtered.mgf420	-1	MSNLIB-POSITIVE.mgf	2.07168				6	0	0.000549316	265.154	0	CCMSLIB00012288636
619	spectra_filtered.mgf	*..*		:1260	6	-1	0	279.17	1	0.95101	0	0	5932140.0	38924600.0	Spectral Match to Phe-Leu from NIST14 M+H	GNPS-NIST14-MATCHES	temp/spectra_filtered.mgf619	-1	GNPS-NIST14-MATCHES.mgf	0.109315				7	0	3.05176e-05	279.17	0	CCMSLIB00003134492
561	spectra_filtered.mgf	*..*		:2039	1841	-1	0	426.203	1	0.950555	0	0	2956280.0	9519540.0	Spectral Match to Tyr-Pro-Phe from NIST14 M+H	GNPS-NIST14-MATCHES	temp/spectra_filtered.mgf561	-1	GNPS-NIST14-MATCHES.mgf	2.43452				11	0	0.0010376	426.202	0	CCMSLIB00003136328
391	spectra_filtered.mgf	*..*		:717	2151	-1	0	489.364	1	0.950433	0	0	29589100.0	65891500.0	Spectral Match to Leu-Leu from NIST14 2M+H	GNPS-NIST14-MATCHES	temp/spectra_filtered.mgf391	-1	GNPS-NIST14-MATCHES.mgf	0.748341				6	0	0.000366211	489.364	0	CCMSLIB00003136638
573	spectra_filtered.mgf	*..*		:696	2991	-1	0	265.154	1	0.949383	0	0	8564120.0	42408500.0	Spectral Match to Phe-Val from NIST14 M+H	GNPS-NIST14-MATCHES	temp/spectra_filtered.mgf573	-1	GNPS-NIST14-MATCHES.mgf	2.18678				6	0	0.000579834	265.155	0	CCMSLIB00003137478
736	spectra_filtered.mgf	*..*		:481	1720	-1	0	270.199	1	0.948973	0	0	45752.0	89727600.0	2-(non-1-en-1-yl)quinolin-4-ol:Series 2 HAQ C9:1 M+H	GNPS-LIBRARY	temp/spectra_filtered.mgf736	-1	GNPS-LIBRARY.mgf	49.5828				6	0	0.0133972	270.186	0	CCMSLIB00000223947
64	spectra_filtered.mgf	*..*		:195	2181	-1	0	205.118	1	0.948826	0	0	26988800.0	73939200.0	Spectral Match to Ser-Val from NIST14 M+H	GNPS-NIST14-MATCHES	temp/spectra_filtered.mgf64	-1	GNPS-NIST14-MATCHES.mgf	0.0				6	0	0.0	205.118	0	CCMSLIB00003136668
862	spectra_filtered.mgf	*..*		:2025	2471	-1	0	208.042	1	0.94876	0	0	1096400.0	37884300.0	methyl 3-oxo-2-[(3,4,5-trimethoxyphenyl)methylene]benzo[b]furan-5-carboxylate CollisionEnergy:102040 M+2Na]	BERKELEY-LAB	temp/spectra_filtered.mgf862	-1	BERKELEY-LAB.mgf	12.8353				6	0	0.00267029	208.039	0	CCMSLIB00010104459
299	spectra_filtered.mgf	*..*		:12485	24484	-1	0	172.097	1	0.948224	0	0	89822.0	37787900.0	Massbank:RP020101 C4-homoserine lactone|N-Butyrylhomoserine lactone|N-(2-oxooxolan-3-yl)butanamide M+H	MASSBANK	temp/spectra_filtered.mgf299	-1	MASSBANK.mgf	1.86194				6	0	0.000320435	172.097	0	CCMSLIB00005738036
294	spectra_filtered.mgf	*..*		:1530	1299	-1	0	229.155	1	0.947473	0	0	2007680.0	1224430000.0	Spectral Match to Pro-Leu from NIST14 M+H	GNPS-NIST14-MATCHES	temp/spectra_filtered.mgf294	-1	GNPS-NIST14-MATCHES.mgf	2.0642				6	0	0.000473022	229.155	0	CCMSLIB00003135785
641	spectra_filtered.mgf	*..*		:73063	173500	-1	0	224.038	1	0.947174	0	0	94.037	7828790.0	Dihydroaeruginoic acid [M+H]+	MSNLIB-POSITIVE	temp/spectra_filtered.mgf641	-1	MSNLIB-POSITIVE.mgf	1.63459				6	0	0.000366211	224.038	0	CCMSLIB00012873497
411	spectra_filtered.mgf	*..*		:761	4415	-1	0	295.164	1	0.947039	0	0	18848500.0	314777000.0	Spectral Match to Tyr-Leu from NIST14 M+H	GNPS-NIST14-MATCHES	temp/spectra_filtered.mgf411	-1	GNPS-NIST14-MATCHES.mgf	3.61872				10	0	0.00106812	295.165	0	CCMSLIB00003138902
489	spectra_filtered.mgf	*..*		:1260	6	-1	0	279.17	1	0.946683	0	0	5932140.0	24323200.0	Spectral Match to Phe-Leu from NIST14 M+H	GNPS-NIST14-MATCHES	temp/spectra_filtered.mgf489	-1	GNPS-NIST14-MATCHES.mgf	0.546577				7	0	0.000152588	279.17	0	CCMSLIB00003134492
45	spectra_filtered.mgf	*..*		:110	3616	-1	0	288.197	1	0.946237	0	0	1660050.0	103889000.0	Spectral Match to Ile-Arg from NIST14 M+H	GNPS-NIST14-MATCHES	temp/spectra_filtered.mgf45	-1	GNPS-NIST14-MATCHES.mgf	19.2722				11	0	0.0055542	288.203	0	CCMSLIB00003138103
487	spectra_filtered.mgf	*..*		:761	4415	-1	0	295.164	1	0.944478	0	0	18848500.0	67205600.0	Spectral Match to Tyr-Leu from NIST14 M+H	GNPS-NIST14-MATCHES	temp/spectra_filtered.mgf487	-1	GNPS-NIST14-MATCHES.mgf	3.72211				8	0	0.00109863	295.165	0	CCMSLIB00003138902
698	spectra_filtered.mgf	*..*		:35474	47473	-1	0	274.274	0	0.944474	0	0	15367300.0	1105340.0	Massbank:LU030804 Lauryldiethanolamine|2-[dodecyl(2-hydroxyethyl)amino]ethanol M+H	MASSBANK	temp/spectra_filtered.mgf698	-1	MASSBANK.mgf	0.0				8	0	0.0	274.274	0	CCMSLIB00005761025
469	spectra_filtered.mgf	*..*		:717	2151	-1	0	489.364	1	0.943454	0	0	29589100.0	133630000.0	Spectral Match to Leu-Leu from NIST14 2M+H	GNPS-NIST14-MATCHES	temp/spectra_filtered.mgf469	-1	GNPS-NIST14-MATCHES.mgf	0.935426				6	0	0.000457764	489.364	0	CCMSLIB00003136638
434	spectra_filtered.mgf	*..*		:860	3002	-1	0	297.126	1	0.942686	0	0	18435400.0	10258400.0	Spectral Match to Phe-Met from NIST14 M+H	GNPS-NIST14-MATCHES	temp/spectra_filtered.mgf434	-1	GNPS-NIST14-MATCHES.mgf	1.95148				8	0	0.000579834	297.127	0	CCMSLIB00003137489
74	spectra_filtered.mgf	*..*		:257	457	-1	0	165.054	1	0.9418	0	0	8434620.0	87875600.0	p-Coumaric acid (known structural isomers: 0; isobaric peaks in run: 4) [M+H]+	CMMC-FOOD-BIOMARKERS	temp/spectra_filtered.mgf74	-1	CMMC-FOOD-BIOMARKERS.mgf	3.42055				6	0	0.000564575	165.055	0	CCMSLIB00013576669
247	spectra_filtered.mgf	*..*		:254	4249	-1	0	401.287	1	0.939921	0	0	2840110.0	63324100.0	Spectral Match to Leu-Leu-Arg from NIST14 M+H	GNPS-NIST14-MATCHES	temp/spectra_filtered.mgf247	-1	GNPS-NIST14-MATCHES.mgf	0.760493				13	0	0.000305176	401.287	0	CCMSLIB00003138736
392	spectra_filtered.mgf	*..*		:3	466	-1	0	197.129	1	0.939528	0	0	494932.0	54377400.0	cyclo(L-Val-L-Pro) M+H	GNPS-LIBRARY	temp/spectra_filtered.mgf392	-1	GNPS-LIBRARY.mgf	3.0962				9	0	0.000610352	197.128	0	CCMSLIB00000007147
800	spectra_filtered.mgf	*..*		:3455	5311	-1	0	673.374	1	0.937313	0	0	209453.0	7539990.0	Rha-Rha-C10-C10 [M+Na] M+Na	GNPS-LIBRARY	temp/spectra_filtered.mgf800	-1	GNPS-LIBRARY.mgf	4.35076				7	0	0.00292969	673.377	0	CCMSLIB00005466074
269	spectra_filtered.mgf	*..*		:351	2242	-1	0	461.334	1	0.936602	0	0	12715600.0	113003000.0	Spectral Match to Leu-Val from NIST14 2M+H	GNPS-NIST14-MATCHES	temp/spectra_filtered.mgf269	-1	GNPS-NIST14-MATCHES.mgf	2.84448				7	0	0.00131226	461.333	0	CCMSLIB00003136729
100	spectra_filtered.mgf	*..*		:178	290	-1	0	261.148	1	0.935758	0	0	39964.0	177900000.0	Spectral Match to Ile-Glu from NIST14 M+H	GNPS-NIST14-MATCHES	temp/spectra_filtered.mgf100	-1	GNPS-NIST14-MATCHES.mgf	14.14				7	0	0.00369263	261.144	0	CCMSLIB00003134776
865	spectra_filtered.mgf	*..*		:1	29	-1	0	182.985	1	0.935408	0	0	2.5763	33950500.0	4-Hydroxyphenylpyruvic_acid M+H	WINE-DB-ORBITRAP	temp/spectra_filtered.mgf865	-1	WINE-DB-ORBITRAP.mgf	1.50099				7	0	0.000274658	182.985	0	CCMSLIB00013639059
811	spectra_filtered.mgf	*..*		:9335	5310	-1	0	359.279	1	0.93457	0	0	1247380.0	48971700.0	Rhamnolipid C10-C10 base lipid no sugar M+H	GNPS-LIBRARY	temp/spectra_filtered.mgf811	-1	GNPS-LIBRARY.mgf	2.46329				8	0	0.00088501	359.278	0	CCMSLIB00005466073
117	spectra_filtered.mgf	*..*		:176	5585	-1	0	251.106	1	0.933195	0	0	727150.0	4188030.0	Spectral Match to Thr-Met from NIST14 M+H	GNPS-NIST14-MATCHES	temp/spectra_filtered.mgf117	-1	GNPS-NIST14-MATCHES.mgf	0.789962				9	0	0.000198364	251.106	0	CCMSLIB00003140072
311	spectra_filtered.mgf	*..*		:872	3488	-1	0	295.159	1	0.933149	0	0	1826430.0	42564600.0	Spectral Match to Ile-Tyr from NIST14 M+H	GNPS-NIST14-MATCHES	temp/spectra_filtered.mgf311	-1	GNPS-NIST14-MATCHES.mgf	20.472				6	0	0.00604248	295.165	0	CCMSLIB00003137975
792	spectra_filtered.mgf	*..*		:9335	5310	-1	0	359.279	1	0.932771	0	0	1247380.0	27381000.0	Rhamnolipid C10-C10 base lipid no sugar M+H	GNPS-LIBRARY	temp/spectra_filtered.mgf792	-1	GNPS-LIBRARY.mgf	0.594588				8	0	0.000213623	359.279	0	CCMSLIB00005466073
538	spectra_filtered.mgf	*..*		:13533	25532	-1	0	211.144	1	0.931956	0	0	3560.0	42585300.0	Massbank:PR311142 Cyclo(leucylprolyl) M+H	MASSBANK	temp/spectra_filtered.mgf538	-1	MASSBANK.mgf	0.0				9	0	0.0	211.144	0	CCMSLIB00005739084
225	spectra_filtered.mgf	*..*		:156	1411	-1	0	227.103	0	0.931097	0	0	4851150.0	21052800.0	Spectral Match to PyroGlu-Pro from NIST14 M+H	GNPS-NIST14-MATCHES	temp/spectra_filtered.mgf225	-1	GNPS-NIST14-MATCHES.mgf	2.68755				7	0	0.000610352	227.102	0	CCMSLIB00003135898
356	spectra_filtered.mgf	*..*		:1116	2150	-1	0	231.171	1	0.931081	0	0	2762860.0	1588050000.0	Spectral Match to Val-Leu from NIST14 M+H	GNPS-NIST14-MATCHES	temp/spectra_filtered.mgf356	-1	GNPS-NIST14-MATCHES.mgf	3.30032				6	0	0.000762939	231.17	0	CCMSLIB00003136637
330	spectra_filtered.mgf	*..*		:30549	30548	-1	0	281.15	1	0.930625	0	0	142.014	10976200.0	Val-Tyr [M+H]+	MSNLIB-POSITIVE	temp/spectra_filtered.mgf330	-1	MSNLIB-POSITIVE.mgf	2.06237				6	0	0.000579834	281.149	0	CCMSLIB00012328808
551	spectra_filtered.mgf	*..*		:853	4288	-1	0	329.151	1	0.92648	0	0	1251920.0	28033800.0	Spectral Match to Tyr-Phe from NIST14 M+H	GNPS-NIST14-MATCHES	temp/spectra_filtered.mgf551	-1	GNPS-NIST14-MATCHES.mgf	4.07951				8	0	0.00134277	329.15	0	CCMSLIB00003138775
280	spectra_filtered.mgf	*..*		:1116	2150	-1	0	231.171	1	0.925967	0	0	2762860.0	2125700000.0	Spectral Match to Val-Leu from NIST14 M+H	GNPS-NIST14-MATCHES	temp/spectra_filtered.mgf280	-1	GNPS-NIST14-MATCHES.mgf	3.63036				7	0	0.000839233	231.17	0	CCMSLIB00003136637
60	spectra_filtered.mgf	*..*		:483	366	-1	0	269.16	1	0.925497	0	0	1659290.0	217044000.0	Spectral Match to His-Ile from NIST14 M+H	GNPS-NIST14-MATCHES	temp/spectra_filtered.mgf60	-1	GNPS-NIST14-MATCHES.mgf	1.92747				10	0	0.000518799	269.161	0	CCMSLIB00003134852
486	spectra_filtered.mgf	*..*		:1090	5400	-1	0	297.126	1	0.923052	0	0	759251.0	25214900.0	Spectral Match to Met-Phe from NIST14 M+H	GNPS-NIST14-MATCHES	temp/spectra_filtered.mgf486	-1	GNPS-NIST14-MATCHES.mgf	1.54064				9	0	0.000457764	297.126	0	CCMSLIB00003139887
747	spectra_filtered.mgf	*..*		:34571	34570	-1	0	432.311	1	0.919849	0	0	204.33	5250960.0	glycodeoxycholic acid [M+H-H2O]+	MSNLIB-POSITIVE	temp/spectra_filtered.mgf747	-1	MSNLIB-POSITIVE.mgf	168.432				8	0	0.0728149	432.238	0	CCMSLIB00012336920
555	spectra_filtered.mgf	*..*		:5	455	-1	0	245.128	1	0.917003	0	0	49071.1	77542900.0	cyclo(L-Phe-D-Pro) M+H	GNPS-LIBRARY	temp/spectra_filtered.mgf555	-1	GNPS-LIBRARY.mgf	1.74295				7	0	0.000427246	245.128	0	CCMSLIB00000007136
49	spectra_filtered.mgf	*..*		:2428	53552	-1	0	150.058	1	0.916983	0	0	289.0	803198000.0	METHIONINE M+H	MONA	temp/spectra_filtered.mgf49	-1	MONA.mgf	2.1354				6	0	0.000320435	150.058	0	CCMSLIB00006682581
23	spectra_filtered.mgf	*..*		:322	995	-1	0	274.187	1	0.91691	0	0	64035.4	83952700.0	Spectral Match to Val-Arg from NIST14 M+H	GNPS-NIST14-MATCHES	temp/spectra_filtered.mgf23	-1	GNPS-NIST14-MATCHES.mgf	0.111302				10	0	3.05176e-05	274.187	0	CCMSLIB00003135481
179	spectra_filtered.mgf	*..*		:784	4974	-1	0	322.187	1	0.916861	0	0	1384180.0	46182900.0	Spectral Match to Arg-Phe from NIST14 M+H	GNPS-NIST14-MATCHES	temp/spectra_filtered.mgf179	-1	GNPS-NIST14-MATCHES.mgf	0.0947201				12	0	3.05176e-05	322.187	0	CCMSLIB00003139461
240	spectra_filtered.mgf	*..*		:27	582	-1	0	220.118	1	0.916304	0	0	3543980.0	42282400.0	PANTOTHENATE M+H	GNPS-MSMLS	temp/spectra_filtered.mgf240	-1	GNPS-MSMLS.mgf	1.03981				10	0	0.000228882	220.118	0	CCMSLIB00005464333
94	spectra_filtered.mgf	*..*		:148	876	-1	0	247.132	1	0.91206	0	0	23651.0	42583800.0	Spectral Match to Glu-Val from NIST14 M+H	GNPS-NIST14-MATCHES	temp/spectra_filtered.mgf94	-1	GNPS-NIST14-MATCHES.mgf	13.8305				8	0	0.00341797	247.129	0	CCMSLIB00003135362
463	spectra_filtered.mgf	*..*		:853	4288	-1	0	329.151	1	0.907804	0	0	1251920.0	206510000.0	Spectral Match to Tyr-Phe from NIST14 M+H	GNPS-NIST14-MATCHES	temp/spectra_filtered.mgf463	-1	GNPS-NIST14-MATCHES.mgf	228.267				8	0	0.0751343	329.226	0	CCMSLIB00003138775
145	spectra_filtered.mgf	*..*		:193	5579	-1	0	288.202	1	0.905514	0	0	5389980.0	48496000.0	Spectral Match to Arg-Ile from NIST14 M+H	GNPS-NIST14-MATCHES	temp/spectra_filtered.mgf145	-1	GNPS-NIST14-MATCHES.mgf	2.96491				12	0	0.000854492	288.203	0	CCMSLIB00003140066
97	spectra_filtered.mgf	*..*		:259	794	-1	0	253.118	1	0.904559	0	0	861769.0	25011700.0	Spectral Match to Tyr-Ala from NIST14 M+H	GNPS-NIST14-MATCHES	temp/spectra_filtered.mgf97	-1	GNPS-NIST14-MATCHES.mgf	0.120567				6	0	3.05176e-05	253.118	0	CCMSLIB00003135280
331	spectra_filtered.mgf	*..*		:555	850	-1	0	293.114	1	0.904418	0	0	772667.0	14306100.0	Spectral Match to PyroGlu-Tyr from NIST14 M+H	GNPS-NIST14-MATCHES	temp/spectra_filtered.mgf331	-1	GNPS-NIST14-MATCHES.mgf	3.53991				7	0	0.0010376	293.113	0	CCMSLIB00003135336
408	spectra_filtered.mgf	*..*		:746	1452	-1	0	268.166	1	0.903108	0	0	581437000.0	10536900.0	His-C7:0 M+H	ECG-ACYL-AMIDES-C4-C24-LIBRARY	temp/spectra_filtered.mgf408	-1	ECG-ACYL-AMIDES-C4-C24-LIBRARY.mgf	138.382				7	0	0.0371094	268.129	0	CCMSLIB00011434895
668	spectra_filtered.mgf	*..*		:928	5550	-1	0	307.021	1	0.899968	0	0	6037000.0	2440140.0	HPTzTn-COOH M+H	GNPS-LIBRARY	temp/spectra_filtered.mgf668	-1	GNPS-LIBRARY.mgf	0.198798				8	0	6.10352e-05	307.021	0	CCMSLIB00005489308
92	spectra_filtered.mgf	*..*		:130	862	-1	0	269.164	0	0.899756	0	0	29403.0	18905100.0	Spectral Match to His-Ile from NIST14 M+H	GNPS-NIST14-MATCHES	temp/spectra_filtered.mgf92	-1	GNPS-NIST14-MATCHES.mgf	205.556				9	0	0.0553284	269.109	0	CCMSLIB00003135348
105	spectra_filtered.mgf	*..*		:193	5579	-1	0	288.202	1	0.897321	0	0	5389980.0	176014000.0	Spectral Match to Arg-Ile from NIST14 M+H	GNPS-NIST14-MATCHES	temp/spectra_filtered.mgf105	-1	GNPS-NIST14-MATCHES.mgf	2.54135				12	0	0.000732422	288.203	0	CCMSLIB00003140066
282	spectra_filtered.mgf	*..*		:484	748	-1	0	345.144	1	0.895974	0	0	334327.0	131066000.0	Spectral Match to Tyr-Tyr from NIST14 M+H	GNPS-NIST14-MATCHES	temp/spectra_filtered.mgf282	-1	GNPS-NIST14-MATCHES.mgf	0.530519				7	0	0.000183105	345.144	0	CCMSLIB00003135234
249	spectra_filtered.mgf	*..*		:711	3921	-1	0	201.149	2	0.893591	0	0	8980.0	93517200.0	Spectral Match to Leu-Leu-Arg from NIST14 M+2H	GNPS-NIST14-MATCHES	temp/spectra_filtered.mgf249	-1	GNPS-NIST14-MATCHES.mgf	10.0891				9	0	200.138	201.147	0	CCMSLIB00003138408
638	spectra_filtered.mgf	*..*		:1455	6826	-1	0	210.06	1	0.893307	0	0	939700000.0	3599090.0	Aerugine M+H	GNPS-LIBRARY	temp/spectra_filtered.mgf638	-1	GNPS-LIBRARY.mgf	7.69986				6	0	0.00161743	210.058	0	CCMSLIB00005724313
529	spectra_filtered.mgf	*..*		:715	329	-1	0	231.171	1	0.882048	0	0	3479350.0	153582000.0	Spectral Match to Val-Ile from NIST14 M+H	GNPS-NIST14-MATCHES	temp/spectra_filtered.mgf529	-1	GNPS-NIST14-MATCHES.mgf	3.23432				6	0	0.000747681	231.17	0	CCMSLIB00003134815
460	spectra_filtered.mgf	*..*		:853	4288	-1	0	329.151	1	0.879143	0	0	1251920.0	195436000.0	Spectral Match to Tyr-Phe from NIST14 M+H	GNPS-NIST14-MATCHES	temp/spectra_filtered.mgf460	-1	GNPS-NIST14-MATCHES.mgf	4.91395				8	0	0.00161743	329.149	0	CCMSLIB00003138775
490	spectra_filtered.mgf	*..*		:793	1438	-1	0	287.208	1	0.87859	0	0	297761000.0	10718700.0	Arg-C7:0 M+H	ECG-ACYL-AMIDES-C4-C24-LIBRARY	temp/spectra_filtered.mgf490	-1	ECG-ACYL-AMIDES-C4-C24-LIBRARY.mgf	128.038				11	0	0.0367737	287.171	0	CCMSLIB00011434881
386	spectra_filtered.mgf	*..*		:1690	4980	-1	0	295.128	1	0.874302	0	0	257349.0	16374700.0	Spectral Match to Glu Phe from METLIN M+H	GNPS-NIST14-MATCHES	temp/spectra_filtered.mgf386	-1	GNPS-NIST14-MATCHES.mgf	2.89533				6	0	0.000854492	295.129	0	CCMSLIB00003139467
700	spectra_filtered.mgf	*..*		:1201	13157	-1	0	302.17	1	0.873815	0	0	22444200.0	4913590.0	2'-oxo-2-nonyl-4-quinolone N-oxide (2'-oxo-NQNO) M+H	GNPS-LIBRARY	temp/spectra_filtered.mgf700	-1	GNPS-LIBRARY.mgf	17.0681				8	0	0.00515747	302.175	0	CCMSLIB00011427582
510	spectra_filtered.mgf	*..*		:13533	25532	-1	0	211.144	1	0.873335	0	0	3560.0	40438100.0	Massbank:PR311142 Cyclo(leucylprolyl) M+H	MASSBANK	temp/spectra_filtered.mgf510	-1	MASSBANK.mgf	0.0722672				6	0	1.52588e-05	211.144	0	CCMSLIB00005739084
633	spectra_filtered.mgf	*..*		:1	380	-1	0	261.159	1	0.871608	0	0	77876.9	9919730.0	cyclo(Phe-Leu) M+H	GNPS-LIBRARY	temp/spectra_filtered.mgf633	-1	GNPS-LIBRARY.mgf	2.5708				8	0	0.000671387	261.16	0	CCMSLIB00000007061
472	spectra_filtered.mgf	*..*		:3987	4433	-1	0	231.113	1	0.869127	0	0	5982960.0	73972900.0	5470-37-1 CollisionEnergy:102040 M+H	BERKELEY-LAB	temp/spectra_filtered.mgf472	-1	BERKELEY-LAB.mgf	1.38648				8	0	0.000320435	231.113	0	CCMSLIB00010106421
437	spectra_filtered.mgf	*..*		:15326	15772	-1	0	231.113	1	0.858449	0	0	12881800.0	100729000.0	5470-37-1 CollisionEnergy:205060 M+H	BERKELEY-LAB	temp/spectra_filtered.mgf437	-1	BERKELEY-LAB.mgf	1.45251				7	0	0.000335693	231.113	0	CCMSLIB00010117760
575	spectra_filtered.mgf	*..*		:1957	1634	-1	0	342.239	1	0.856102	0	0	39822600.0	133353000.0	Spectral Match to Ile-Pro-Ile from NIST14 M+H	GNPS-NIST14-MATCHES	temp/spectra_filtered.mgf575	-1	GNPS-NIST14-MATCHES.mgf	103.081				9	0	0.0352783	342.204	0	CCMSLIB00003136121
524	spectra_filtered.mgf	*..*		:6	3623	-1	0	652.4	1	0.852549	0	0	232403000.0	35300100.0	val-leu-pro-val-pro-gln M+H	GNPS-LIBRARY	temp/spectra_filtered.mgf524	-1	GNPS-LIBRARY.mgf	3.46153				17	0	0.0022583	652.402	0	CCMSLIB00004679264
16	spectra_filtered.mgf	*..*		:589	5127	-1	0	246.181	1	0.85242	0	0	871959.0	154990000.0	Spectral Match to Lys-Val from NIST14 M+H	GNPS-NIST14-MATCHES	temp/spectra_filtered.mgf16	-1	GNPS-NIST14-MATCHES.mgf	0.061982				7	0	1.52588e-05	246.181	0	CCMSLIB00003139614
22	spectra_filtered.mgf	*..*		:690	5239	-1	0	269.162	1	0.845077	0	0	484735.0	316884000.0	Spectral Match to Leu-His from NIST14 M+H	GNPS-NIST14-MATCHES	temp/spectra_filtered.mgf22	-1	GNPS-NIST14-MATCHES.mgf	5.32886				6	0	0.00143433	269.161	0	CCMSLIB00003139726
338	spectra_filtered.mgf	*..*		:691	2955	-1	0	180.137	2	0.843365	0	0	4197580.0	42147900.0	Spectral Match to Val-Ile-Lys from NIST14 M+2H	GNPS-NIST14-MATCHES	temp/spectra_filtered.mgf338	-1	GNPS-NIST14-MATCHES.mgf	4.15062				8	0	179.128	180.136	0	CCMSLIB00003137442
11	spectra_filtered.mgf	*..*		:168	2791	-1	0	272.171	1	0.842479	0	0	2423530.0	4917170.0	Spectral Match to Pro-Arg from NIST14 M+H	GNPS-NIST14-MATCHES	temp/spectra_filtered.mgf11	-1	GNPS-NIST14-MATCHES.mgf	1.56977				8	0	0.000427246	272.171	0	CCMSLIB00003137278
29	spectra_filtered.mgf	*..*		:690	5239	-1	0	269.162	0	0.842286	0	0	484735.0	121297000.0	Spectral Match to Leu-His from NIST14 M+H	GNPS-NIST14-MATCHES	temp/spectra_filtered.mgf29	-1	GNPS-NIST14-MATCHES.mgf	188.211				6	0	0.0506592	269.111	0	CCMSLIB00003139726
810	spectra_filtered.mgf	*..*		:3403	4048	-1	0	505.337	1	0.833458	0	0	292672.0	15486700.0	Rha-C10-C10 M+H	GNPS-LIBRARY	temp/spectra_filtered.mgf810	-1	GNPS-LIBRARY.mgf	2.17406				10	0	0.00109863	505.336	0	CCMSLIB00004684329
327	spectra_filtered.mgf	*..*		:341	5139	-1	0	229.118	1	0.822	0	0	7119130.0	243887000.0	Spectral Match to PyroGlu-Val from NIST14 M+H	GNPS-NIST14-MATCHES	temp/spectra_filtered.mgf327	-1	GNPS-NIST14-MATCHES.mgf	1.39856				10	0	0.000320435	229.118	0	CCMSLIB00003139626
570	spectra_filtered.mgf	*..*		:1957	1634	-1	0	342.239	1	0.813857	0	0	39822600.0	82225600.0	Spectral Match to Ile-Pro-Ile from NIST14 M+H	GNPS-NIST14-MATCHES	temp/spectra_filtered.mgf570	-1	GNPS-NIST14-MATCHES.mgf	1.33756				6	0	0.000457764	342.239	0	CCMSLIB00003136121
68	spectra_filtered.mgf	*..*		:178	290	-1	0	261.148	1	0.813142	0	0	39964.0	28029100.0	Spectral Match to Ile-Glu from NIST14 M+H	GNPS-NIST14-MATCHES	temp/spectra_filtered.mgf68	-1	GNPS-NIST14-MATCHES.mgf	199.596				7	0	0.052124	261.2	0	CCMSLIB00003134776
258	spectra_filtered.mgf	*..*		:659	4212	-1	0	357.249	1	0.809947	0	0	1993580.0	6628880.0	Spectral Match to Ile-Pro-Lys from NIST14 M+H	GNPS-NIST14-MATCHES	temp/spectra_filtered.mgf258	-1	GNPS-NIST14-MATCHES.mgf	100.8				10	0	0.0360107	357.213	0	CCMSLIB00003138699
134	spectra_filtered.mgf	*..*		:1	28	-1	0	269.113	0	0.807953	0	0	3.5542	15297500.0	Ser-Tyr M+H	WINE-DB-ORBITRAP	temp/spectra_filtered.mgf134	-1	WINE-DB-ORBITRAP.mgf	0.0				6	0	0.0	269.113	0	CCMSLIB00013639058
103	spectra_filtered.mgf	*..*		:130	862	-1	0	269.164	0	0.80172	0	0	29403.0	17647700.0	Spectral Match to His-Ile from NIST14 M+H	GNPS-NIST14-MATCHES	temp/spectra_filtered.mgf103	-1	GNPS-NIST14-MATCHES.mgf	212.359				7	0	0.0571594	269.107	0	CCMSLIB00003135348
89	spectra_filtered.mgf	*..*		:687	1927	-1	0	385.256	1	0.800371	0	0	1225740.0	9343690.0	Spectral Match to Ile-Pro-Arg from NIST14 M+H	GNPS-NIST14-MATCHES	temp/spectra_filtered.mgf89	-1	GNPS-NIST14-MATCHES.mgf	1.82192				7	0	0.000701904	385.255	0	CCMSLIB00003136414
62	spectra_filtered.mgf	*..*		:659	4212	-1	0	357.249	1	0.797311	0	0	1993580.0	28860300.0	Spectral Match to Ile-Pro-Lys from NIST14 M+H	GNPS-NIST14-MATCHES	temp/spectra_filtered.mgf62	-1	GNPS-NIST14-MATCHES.mgf	0.427119				8	0	0.000152588	357.249	0	CCMSLIB00003138699
65	spectra_filtered.mgf	*..*		:500	5095	-1	0	294.144	1	0.797008	0	0	1210580.0	88502700.0	Spectral Match to Phe-Gln from NIST14 M+H	GNPS-NIST14-MATCHES	temp/spectra_filtered.mgf65	-1	GNPS-NIST14-MATCHES.mgf	125.331				6	0	0.0368652	294.181	0	CCMSLIB00003139582
611	spectra_filtered.mgf	*..*		:2447	4477	-1	0	227.085	1	0.790794	0	0	1094340.0	12261800.0	Pyrenocine B putative M+H	GNPS-LIBRARY	temp/spectra_filtered.mgf611	-1	GNPS-LIBRARY.mgf	237.531				6	0	0.0539398	227.139	0	CCMSLIB00005435769
613	spectra_filtered.mgf	*..*		:1957	1634	-1	0	342.239	1	0.789675	0	0	39822600.0	41381400.0	Spectral Match to Ile-Pro-Ile from NIST14 M+H	GNPS-NIST14-MATCHES	temp/spectra_filtered.mgf613	-1	GNPS-NIST14-MATCHES.mgf	1.42673				6	0	0.000488281	342.239	0	CCMSLIB00003136121
548	spectra_filtered.mgf	*..*		:728	5124	-1	0	263.142	1	0.778921	0	0	19988600.0	5272870.0	Spectral Match to Met-Leu from NIST14 M+H	GNPS-NIST14-MATCHES	temp/spectra_filtered.mgf548	-1	GNPS-NIST14-MATCHES.mgf	1.62363				10	0	0.000427246	263.142	0	CCMSLIB00003139611
140	spectra_filtered.mgf	*..*		:14051	26050	-1	0	211.144	1	0.777355	0	0	431.0	1984050.0	Massbank:PR300771 Cyclo(proline-leucine) M+H	MASSBANK	temp/spectra_filtered.mgf140	-1	MASSBANK.mgf	184.426				7	0	0.0389404	211.105	0	CCMSLIB00005739602
543	spectra_filtered.mgf	*..*		:30844	30843	-1	0	342.239	1	0.76896	0	0	157.481	393186000.0	diprotin A [M+H]+	MSNLIB-POSITIVE	temp/spectra_filtered.mgf543	-1	MSNLIB-POSITIVE.mgf	1.24839				6	0	0.000427246	342.239	0	CCMSLIB00012329398
186	spectra_filtered.mgf	*..*		:19869	20315	-1	0	149.06	1	0.76314	0	0	3046560.0	31430700.0	3-(2-Hydroxyphenyl)propionic acid CollisionEnergy:205060 M+H-H2O	BERKELEY-LAB	temp/spectra_filtered.mgf186	-1	BERKELEY-LAB.mgf	2.4568				6	0	0.000366211	149.06	0	CCMSLIB00010122304
165	spectra_filtered.mgf	*..*		:124	4213	-1	0	251.15	1	0.762955	0	0	21616.1	270726000.0	Spectral Match to His-Ile from NIST14 M+H-H2O	GNPS-NIST14-MATCHES	temp/spectra_filtered.mgf165	-1	GNPS-NIST14-MATCHES.mgf	0.364534				8	0	9.15527e-05	251.15	0	CCMSLIB00003138700
794	spectra_filtered.mgf	*..*		:2660	2570	-1	0	651.409	1	0.762219	0	0	153936.0	9425400.0	Rha-Rha-C10-C10 (M+H) M+H	GNPS-LIBRARY	temp/spectra_filtered.mgf794	-1	GNPS-LIBRARY.mgf	20.5197				12	0	0.0133667	651.396	0	CCMSLIB00000539141
452	spectra_filtered.mgf	*..*		:711	3921	-1	0	201.149	2	0.759496	0	0	8980.0	36481200.0	Spectral Match to Leu-Leu-Arg from NIST14 M+2H	GNPS-NIST14-MATCHES	temp/spectra_filtered.mgf452	-1	GNPS-NIST14-MATCHES.mgf	9.7857				6	0	200.138	201.147	0	CCMSLIB00003138408
483	spectra_filtered.mgf	*..*		:1	1267	-1	0	277.117	1	0.747652	0	0	6853800.0	26711200.0	cyclo-[Tyr-(4-hydroxy-Pro)] M+H	GNPS-LIBRARY	temp/spectra_filtered.mgf483	-1	GNPS-LIBRARY.mgf	135.454				6	0	0.0375366	277.155	0	CCMSLIB00000081164
238	spectra_filtered.mgf	*..*		:124	4213	-1	0	251.15	1	0.742457	0	0	21616.1	19422700.0	Spectral Match to His-Ile from NIST14 M+H-H2O	GNPS-NIST14-MATCHES	temp/spectra_filtered.mgf238	-1	GNPS-NIST14-MATCHES.mgf	0.243023				8	0	6.10352e-05	251.15	0	CCMSLIB00003138700
340	spectra_filtered.mgf	*..*		:307	2121	-1	0	359.268	1	0.713164	0	0	8809210.0	109789000.0	Spectral Match to Ile-Val-Lys from NIST14 M+H	GNPS-NIST14-MATCHES	temp/spectra_filtered.mgf340	-1	GNPS-NIST14-MATCHES.mgf	8.40943				9	0	0.00302124	359.265	0	CCMSLIB00003136608
217	spectra_filtered.mgf	*..*		:344	3110	-1	0	243.134	1	0.710848	0	0	502748.0	31540400.0	Spectral Match to PyroGlu-Ile from NIST14 M+H	GNPS-NIST14-MATCHES	temp/spectra_filtered.mgf217	-1	GNPS-NIST14-MATCHES.mgf	1.19242				6	0	0.000289917	243.134	0	CCMSLIB00003137597
864	spectra_filtered.mgf	*..*		:20868	21314	-1	0	200.035	1	0.708859	0	0	591802.0	11686300.0	fMet CollisionEnergy:205060 M+Na	BERKELEY-LAB	temp/spectra_filtered.mgf864	-1	BERKELEY-LAB.mgf	235.249				7	0	0.0470581	199.988	0	CCMSLIB00010123304
820	spectra_filtered.mgf	*..*		:1	836	-1	0	699.393	1	0.700866	0	0	6764.59	2601400.0	Rhamnolipid Rha-Rha-C10-C12:1 M+Na	GNPS-LIBRARY	temp/spectra_filtered.mgf820	-1	GNPS-LIBRARY.mgf	3.66529				7	0	0.00256348	699.39	0	CCMSLIB00000072244
303	spectra_filtered.mgf	*..*		:351	2242	-1	0	461.334	1	0.698573	0	0	12715600.0	159872000.0	Spectral Match to Leu-Val from NIST14 2M+H	GNPS-NIST14-MATCHES	temp/spectra_filtered.mgf303	-1	GNPS-NIST14-MATCHES.mgf	2.77833				6	0	0.00128174	461.333	0	CCMSLIB00003136729
42	spectra_filtered.mgf	*..*		:2935	1825	-1	0	371.302	1	0.6813	0	0	50589400.0	43398100.0	Arg-C13:0 M+H	ECG-ACYL-AMIDES-C4-C24-LIBRARY	temp/spectra_filtered.mgf42	-1	ECG-ACYL-AMIDES-C4-C24-LIBRARY.mgf	167.587				8	0	0.0622253	371.24	0	CCMSLIB00011435281
453	spectra_filtered.mgf	*..*		:437	2325	-1	0	401.287	1	0.678485	0	0	6778.0	57182600.0	Spectral Match to Ile-Ile-Arg from NIST14 M+H	GNPS-NIST14-MATCHES	temp/spectra_filtered.mgf453	-1	GNPS-NIST14-MATCHES.mgf	0.0				8	0	0.0	401.287	0	CCMSLIB00003136812
593	spectra_filtered.mgf	*..*		:3039	5122	-1	0	200.128	1	0.675985	0	0	3014610.0	2195830.0	C6-HSL M+H	GNPS-LIBRARY	temp/spectra_filtered.mgf593	-1	GNPS-LIBRARY.mgf	104.075				8	0	0.0208282	200.107	0	CCMSLIB00005463713
208	spectra_filtered.mgf	*..*		:38811	38811	-1	0	339.115	1	0.671432	0	0	311.595	26266100.0	N-[(6-fluoro-1H-indol-1-yl)acetyl]-L-phenylalanine [M-H]-	MSNLIB-NEGATIVE	temp/spectra_filtered.mgf208	-1	MSNLIB-NEGATIVE.mgf	150.556				6	0	0.0510559	339.166	0	CCMSLIB00012358326
458	spectra_filtered.mgf	*..*		:344	3110	-1	0	243.134	1	0.661565	0	0	502748.0	99281700.0	Spectral Match to PyroGlu-Ile from NIST14 M+H	GNPS-NIST14-MATCHES	temp/spectra_filtered.mgf458	-1	GNPS-NIST14-MATCHES.mgf	0.564829				6	0	0.000137329	243.134	0	CCMSLIB00003137597
444	spectra_filtered.mgf	*..*		:1530	1299	-1	0	229.155	1	0.660854	0	0	2007680.0	39354900.0	Spectral Match to Pro-Leu from NIST14 M+H	GNPS-NIST14-MATCHES	temp/spectra_filtered.mgf444	-1	GNPS-NIST14-MATCHES.mgf	244.242				6	0	0.0559692	229.099	0	CCMSLIB00003135785
275	spectra_filtered.mgf	*..*		:307	2121	-1	0	359.268	1	0.65458	0	0	8809210.0	108943000.0	Spectral Match to Ile-Val-Lys from NIST14 M+H	GNPS-NIST14-MATCHES	temp/spectra_filtered.mgf275	-1	GNPS-NIST14-MATCHES.mgf	8.9191				6	0	0.00320435	359.265	0	CCMSLIB00003136608
733	spectra_filtered.mgf	*..*		:3667	11282	-1	0	286.18	1	0.646749	0	0	4232620.0	82546600.0	HMOQ-N-oxide M+H	GNPS-LIBRARY	temp/spectra_filtered.mgf733	-1	GNPS-LIBRARY.mgf	1.59957				7	0	0.000457764	286.18	0	CCMSLIB00008851488
478	spectra_filtered.mgf	*..*		:734	3189	-1	0	218.139	2	0.636368	0	0	3278860.0	19243300.0	Spectral Match to Phe-Leu-Arg from NIST14 M+2H	GNPS-NIST14-MATCHES	temp/spectra_filtered.mgf478	-1	GNPS-NIST14-MATCHES.mgf	1.04925				8	0	217.132	218.139	0	CCMSLIB00003137676
343	spectra_filtered.mgf	*..*		:734	3189	-1	0	218.139	2	0.635156	0	0	3278860.0	34809300.0	Spectral Match to Phe-Leu-Arg from NIST14 M+2H	GNPS-NIST14-MATCHES	temp/spectra_filtered.mgf343	-1	GNPS-NIST14-MATCHES.mgf	1.04925				6	0	217.132	218.139	0	CCMSLIB00003137676
525	spectra_filtered.mgf	*..*		:111	111	-1	0	326.704	2	0.629994	0	0	62872.0	9560160.0	none_16904_dereplictor_pv_3.86203e-22 M+2H	DEREPLICATOR_IDENTIFIED_LIBRARY	temp/spectra_filtered.mgf525	-1	DEREPLICATOR_IDENTIFIED_LIBRARY.mgf	2.61549				10	0	0.00170898	326.705	0	CCMSLIB00000577601
277	spectra_filtered.mgf	*..*		:344	3110	-1	0	243.134	1	0.624105	0	0	502748.0	32832900.0	Spectral Match to PyroGlu-Ile from NIST14 M+H	GNPS-NIST14-MATCHES	temp/spectra_filtered.mgf277	-1	GNPS-NIST14-MATCHES.mgf	1.19242				6	0	0.000289917	243.134	0	CCMSLIB00003137597
492	spectra_filtered.mgf	*..*		:344	3110	-1	0	243.134	1	0.62171	0	0	502748.0	111549000.0	Spectral Match to PyroGlu-Ile from NIST14 M+H	GNPS-NIST14-MATCHES	temp/spectra_filtered.mgf492	-1	GNPS-NIST14-MATCHES.mgf	0.690346				8	0	0.000167847	243.134	0	CCMSLIB00003137597
98	spectra_filtered.mgf	*..*		:1265	3495	-1	0	279.17	1	0.618423	0	0	2768330.0	20591200.0	Spectral Match to Leu-Phe from NIST14 M+H	GNPS-NIST14-MATCHES	temp/spectra_filtered.mgf98	-1	GNPS-NIST14-MATCHES.mgf	117.951				6	0	0.0329285	279.137	0	CCMSLIB00003137982
827	spectra_filtered.mgf	*..*		:1	835	-1	0	701.408	1	0.61743	0	0	11475.5	4554600.0	Rhamnolipid Rha-Rha-C10-C12 M+Na	GNPS-LIBRARY	temp/spectra_filtered.mgf827	-1	GNPS-LIBRARY.mgf	0.261054				7	0	0.000183105	701.408	0	CCMSLIB00000072243
716	spectra_filtered.mgf	*..*		:2904	3350	-1	0	269.081	1	0.610316	0	0	6325540.0	13324300.0	3-Hydroxy-2'-methoxyflavone CollisionEnergy:102040 M+H	BERKELEY-LAB	temp/spectra_filtered.mgf716	-1	BERKELEY-LAB.mgf	214.239				9	0	0.0576477	269.139	0	CCMSLIB00010105338
