cluster index	parent mass	RTMean	ATTRIBUTE_condition:GNPSGROUP:M1	ATTRIBUTE_condition:GNPSGROUP:PA14	ATTRIBUTE_condition:GNPSGROUP:QC	ATTRIBUTE_condition:GNPSGROUP:media
1	142.94801883680057	0.22410153	46674702.333333336	43470275.333333336	41836026.333333336	43281153.2
2	164.92992190077595	0.23256929	36412905.0	30002816.666666668	43513874.0	21426301.2
4	180.90377915736784	0.241476	14424942.833333334	11812411.333333334	14512814.0	8753440.3
3	169.0946581484051	0.2426436	0.0	20074718.0	0.0	17743924.8
14	382.86562122767833	0.24585928	8957160.666666666	0.0	7511444.0	0.0
43	175.11879013231035	0.2463033	0.0	0.0	36326184.0	214052442.0
7	219.0263704497017	0.24644226	0.0	46766805.333333336	16604096.5	45429824.8
8	203.05240918352425	0.2484539	0.0	350448641.6666667	103783790.0	333885842.0
9	185.04198858091644	0.24963875	0.0	26461083.333333332	0.0	64917239.2
10	138.0524287944269	0.25374514	0.0	0.0	23994066.333333332	152159676.0
11	272.1714198979163	0.2558918	0.0	0.0	0.0	34332047.6
12	265.11144929901565	0.25655586	44193022.666666664	39237622.666666664	31909377.333333332	45936398.4
6	170.04233184513828	0.2581196	30457295.0	11904532.833333334	3530524.1666666665	15618435.0
13	231.133737517522	0.26005387	0.0	0.0	0.0	30428698.0
15	263.10576654518616	0.26533955	0.0	100111379.33333333	27291207.666666668	83190404.0
17	187.10749051550863	0.2676659	0.0	0.0	21498549.666666668	92111302.0
16	246.18101531927823	0.2678048	11144969.083333334	23676694.333333332	34002297.333333336	218715918.0
30	130.08629480157546	0.26791078	11408761.833333334	19265824.416666668	8781865.0	27930459.6
24	148.0603044712165	0.26857176	0.0	25272639.0	12176547.5	15532484.6
18	245.1130282624894	0.26890236	12005188.5	177093221.66666666	60788447.333333336	143241070.0
19	139.05018291462926	0.27241978	0.0	15970204.5	0.0	0.0
21	219.13366343450664	0.27509347	0.0	0.0	22843268.666666668	143070830.0
26	158.02463470246678	0.28872523	23454408.0	0.0	6331073.0	0.0
27	348.07019691072	0.2890755	5524495.5	39765853.666666664	3513615.0	0.0
25	291.14234846299803	0.2895481	0.0	4199006.416666667	3651984.8333333335	25467345.2
22	269.160539897371	0.29009056	20315758.666666668	183051173.33333334	96548283.33333333	587860686.0
20	260.19673799870486	0.29149798	10443879.666666666	44842225.666666664	31415082.333333332	186348568.0
31	247.12862908053788	0.2963268	6958061.166666667	75409447.66666667	27477780.0	106122612.0
32	162.0501094547666	0.30393255	0.0	9081593.0	0.0	5173663.4
23	274.1869727542943	0.31156906	0.0	25916963.666666668	41082347.333333336	273170640.0
34	338.14319208602143	0.3120601	122617167.0	8601806.166666666	83567932.33333333	0.0
35	354.1170456017642	0.31255445	31828885.333333332	0.0	23443421.666666668	0.0
36	316.1613404668096	0.31312546	45609235.333333336	0.0	40789301.0	0.0
37	202.1548447391129	0.31426403	38391212.333333336	0.0	20033679.666666668	0.0
33	361.2193972641445	0.31478083	10258291.166666666	0.0	0.0	0.0
29	269.11133300339765	0.317835	0.0	20466498.0	3061376.8333333335	18953764.8
38	286.1507502708131	0.31856441	27843149.666666668	41865530.666666664	27445457.0	57117440.0
39	265.1217751411842	0.3188666	0.0	28243422.833333332	0.0	36848587.2
42	371.2397733371222	0.3254602	0.0	0.0	0.0	88261935.2
41	186.1235141348752	0.32730666	0.0	0.0	6768884.833333333	183253036.0
44	144.60505904938262	0.32818016	0.0	0.0	0.0	59555096.0
45	288.2025569356466	0.3311944	0.0	0.0	9948751.166666666	919694432.0
40	152.03164003144445	0.33444905	0.0	32102478.333333332	10161176.333333334	50490003.2
46	130.04988378364413	0.33677313	0.0	142205805.0	62078665.0	200996372.0
48	133.03179150588656	0.34282458	20927152.333333332	98998602.33333333	53676300.666666664	127970414.0
49	150.05832274098822	0.34282458	123961910.0	614515478.3333334	315564833.3333333	828167178.0
51	310.17571690537864	0.3502007	1417194.6666666667	62544094.333333336	14988437.916666666	211734136.0
53	251.1052199469842	0.3513805	0.0	0.0	0.0	43363887.6
56	187.131417832884	0.35546294	0.0	0.0	0.0	57687537.6
54	373.25573047837486	0.35789585	0.0	7513390.166666667	1415116.6666666667	101394830.0
59	279.10075961130894	0.36178815	0.0	12844413.5	0.0	17372335.8
57	217.11809788216485	0.3678464	0.0	20160604.166666668	9414172.166666666	26371326.8
55	227.0999370161286	0.37154227	0.0	0.0	4838964.75	34211888.8
61	158.09236515823866	0.37472588	12633775.833333334	15574959.833333334	12762421.833333334	17237020.0
60	269.1605171328809	0.37876925	18469874.333333332	216326065.0	83557080.0	585203162.0
58	338.1818235963412	0.37970346	4832005.75	7873170.166666667	17329678.166666668	289391556.0
64	205.1180044580365	0.38814622	0.0	0.0	17149033.333333332	103202064.0
62	357.24914186932074	0.38971153	0.0	21656992.666666668	5728299.166666667	75069066.4
63	179.12832100308384	0.39193925	0.0	48653110.333333336	18514808.166666668	220016214.0
65	294.1808815049173	0.39421293	0.0	36777039.333333336	10743485.166666666	176212920.0
67	235.11874357255132	0.3958464	239128205.0	207102313.33333334	190204148.33333334	200410306.0
66	347.2285613057342	0.3976735	0.0	23349149.666666668	0.0	43902283.2
71	183.08435052471708	0.40175626	1563701.5	79454694.0	32622239.666666668	75627234.0
73	136.0755841738114	0.40274137	0.0	54390431.666666664	23626710.0	52994553.2
75	182.0811182113013	0.40412655	67306324.0	795390340.0	311546488.3333333	770094226.0
76	204.0629547119416	0.4043769	2446688.25	34583867.0	25064516.333333332	16117821.0
70	282.17840517860594	0.4046463	0.0	24886345.0	10750628.833333334	37973075.2
74	165.05456262008005	0.40502	10069431.666666666	122396128.33333333	46455646.666666664	117422783.2
68	261.20011541023456	0.4052716	0.0	87548737.66666667	20470852.0	223494158.0
50	189.1231012625284	0.41190875	0.0	0.0	20799476.0	147892820.0
78	219.13369766115804	0.41503283	0.0	37149818.0	45785354.0	628395512.0
80	366.2130561091483	0.41881567	0.0	42898662.0	15332083.833333334	107397518.0
81	183.6102603812942	0.42001933	0.0	70022426.33333333	20987021.166666668	159282300.0
94	247.1285929118652	0.42316854	7206121.75	36026955.0	14073782.5	78655100.0
79	389.2388112024788	0.42430547	0.0	34019445.0	4275129.5	55895643.2
95	311.12333914808937	0.42454007	11721281.5	31757658.333333332	15121959.666666666	22558258.8
82	348.17625508031745	0.42574486	7869092.666666667	15626823.166666666	4811367.583333333	13652211.6
86	193.13137529379483	0.42760333	0.0	0.0	0.0	53385835.2
85	322.1869644953013	0.42760333	0.0	0.0	0.0	219072406.0
88	331.2334441287924	0.42760333	0.0	0.0	0.0	38229283.2
84	388.1508746591654	0.42899448	1278305.5	53244669.333333336	16480218.333333334	57735073.6
113	260.1966719022861	0.43097442	45482677.666666664	627019386.6666666	146590782.66666666	1544530020.0
83	366.1691044473575	0.43142492	7360661.416666667	79945222.0	22620497.666666668	110924382.8
89	385.25531620449135	0.4316833	0.0	0.0	0.0	29038395.6
96	237.1343637435249	0.43401593	33306632.333333332	29172856.666666668	24402151.333333332	32509951.6
93	233.1493315757552	0.4351072	0.0	38020153.333333336	46919805.333333336	382451586.0
91	221.09521750310705	0.4357241	0.0	0.0	0.0	31050778.0
92	269.10868475380613	0.43632883	0.0	12707118.833333334	0.0	0.0
87	241.11550888991005	0.43814403	0.0	5945061.833333333	12084977.666666666	60652804.0
90	398.2031257375508	0.4407019	26767625.666666668	59806748.333333336	19101733.666666668	62722288.0
110	299.10017741781974	0.44717756	6106946.0	11250839.75	1025383.75	10261232.2
103	269.10684849653273	0.45233008	15576167.5	4150981.8333333335	9348350.5	4295503.2
99	479.2529224998433	0.46024066	0.0	0.0	0.0	28088385.2
98	279.137070468051	0.46635795	0.0	34417200.0	4600886.0	33383206.8
97	253.1180253339469	0.46799776	0.0	19316727.833333332	1121404.6666666667	31169391.2
106	287.10319690673947	0.469332	0.0	19503629.333333332	0.0	15281680.8
104	176.06564377717402	0.4696531	0.0	7283641.083333333	6575490.166666667	5714374.8
112	154.08384243142902	0.4804698	0.0	7711356.333333333	0.0	8967965.4
107	265.1217175456182	0.48379406	0.0	50355088.666666664	4178064.4166666665	55227400.8
115	132.1019957729485	0.49902377	215799301.66666666	1181062983.3333333	686129485.0	1314794060.0
121	322.1869181616321	0.4995931	0.0	0.0	4911280.5	17885738.6
105	288.202735126956	0.5030163	22905915.333333332	28295399.833333332	102314810.0	1210415760.0
117	251.10580510990536	0.50418746	0.0	0.0	0.0	12700750.2
129	429.2702195987149	0.5066346	0.0	0.0	12557913.5	137073240.0
109	215.1389156697953	0.5089228	15390496.166666666	64163355.333333336	304321485.0	2573945580.0
101	237.12063790806096	0.5129476	0.0	0.0	9564218.916666666	31449322.2
118	301.12961009940176	0.52425975	16108895.666666666	16821842.333333332	8817697.833333334	10252884.8
122	226.1547721624975	0.5308568	170708553.33333334	140977820.0	99034520.33333333	80724987.2
124	437.250460810673	0.53162277	0.0	0.0	0.0	20997840.0
123	292.1652019810201	0.5320484	76254182.66666667	79537284.66666667	49473750.333333336	60002644.8
139	283.1263332614957	0.53605205	0.0	42742242.666666664	12333486.666666666	32254117.6
128	290.1707867113289	0.54411954	0.0	7470010.166666667	0.0	19272448.0
127	270.1556504623275	0.5442788	15544509.5	14623526.0	8912989.416666666	15160572.6
100	261.144321178044	0.5567441	18158976.666666668	223322453.33333334	80869921.0	198581420.0
133	262.14781333639905	0.55928016	0.0	28165797.666666668	10168339.5	24984359.6
131	521.2818448998994	0.5633924	0.0	2872446.4166666665	0.0	0.0
135	344.1813999777492	0.5635989	15088507.5	30648520.0	18754023.333333332	29179328.8
134	269.1130065255939	0.5655288	0.0	15598767.833333334	0.0	23049070.4
136	213.123210343509	0.56747264	14090324.833333334	13246234.666666666	11055573.0	23428578.4
125	219.1338592205813	0.5680733	20794300.666666668	32964216.333333332	23285521.166666668	39823145.2
130	239.1024044068479	0.5710981	0.0	15431819.5	0.0	21162996.4
137	200.12804453938733	0.5722326	29321966.0	28967891.666666668	21497620.333333332	32360120.4
142	320.1714762365788	0.5799507	79982675.66666667	85800447.66666667	63156729.0	130561468.8
140	211.10504704293407	0.5805258	0.0	0.0	8131215.333333333	39249184.4
147	203.1389152549688	0.5812598	0.0	3178771.8333333335	23446855.0	175400620.0
145	288.2028409064772	0.5859454	55395914.666666664	66111353.333333336	111128131.0	78642083.0
144	189.1232920424393	0.5908274	6176683.333333333	47529497.666666664	68198945.0	575565240.0
149	454.3025451756607	0.5927892	5954341.25	2267121.6666666665	0.0	1240933.6
148	228.17053905579533	0.5945277	136310720.0	149091755.0	105930634.0	209657054.0
146	170.60251007055302	0.5967938	0.0	13914835.333333334	0.0	35564296.8
151	247.11089649082305	0.5975418	0.0	40526178.0	32768989.333333332	362152412.0
150	340.1976174562242	0.59877723	0.0	44421244.0	2165294.5	122805036.8
152	227.6546355656674	0.6036682	11334686.583333334	9719760.583333334	5855698.583333333	10954926.2
156	253.11799077613955	0.60522807	0.0	52425823.333333336	17105567.833333332	145352388.0
153	204.1177806589142	0.6092122	0.0	14868137.666666666	0.0	28942736.0
159	255.16459829142943	0.6099972	30575022.333333332	32843989.666666668	20351565.666666668	36890202.0
154	254.1609192897542	0.61181843	249776621.66666666	261454221.66666666	194714756.66666666	290922372.0
155	472.2763329144877	0.6122048	8107758.5	17634695.5	1285767.6666666667	26347502.0
157	294.18101558697515	0.6136774	4837556.666666667	30185006.666666668	17979172.25	399293536.0
158	286.175789747042	0.6137098	0.0	18880283.5	5530377.666666667	55918182.4
161	229.1181828917095	0.6211827	5864500.75	9276480.833333334	2800272.25	13313592.4
160	295.1758464617512	0.622218	25948943.0	25490219.0	11745999.666666666	15013281.0
170	215.138936435967	0.6280406	11888063.0	5430845.333333333	15822400.5	122104163.2
162	182.08113737624	0.630497	5735936.75	12657435.166666666	2042886.25	14102728.6
164	433.3017460913703	0.6365005	0.0	0.0	0.0	41996432.0
167	273.1318170606829	0.6371687	20714195.333333332	23866442.333333332	19994165.833333332	27320642.0
165	251.1500888987404	0.63776106	402753111.6666667	468598285.0	307455736.6666667	620201252.0
168	557.2600585812328	0.64466166	0.0	0.0	0.0	33851443.2
166	239.1362554277292	0.6465334	0.0	0.0	15588098.833333334	43090905.6
171	217.1545522296895	0.6496198	13985726.5	24230520.666666668	130935221.33333333	1304615380.0
169	301.115722558123	0.6507213	0.0	14175991.833333334	0.0	21803884.4
207	132.10188264261868	0.6524082	0.0	32216861.0	7079922.833333333	43727985.6
172	279.13378347740337	0.6545193	6875701.666666667	273886873.3333333	101906957.0	957943734.0
173	199.1076148078291	0.6594112	33179030.0	35908462.0	29689645.666666668	40943801.6
175	256.17654983070213	0.6618272	116844719.33333333	113907081.66666667	85522660.0	123953212.4
174	267.13362744246666	0.6626243	0.0	45811902.0	13183183.0	93996288.8
176	344.18162815551733	0.66391665	17393452.5	18251885.0	15221016.0	22973668.0
178	276.1551216021758	0.667822	0.0	0.0	0.0	81061125.6
177	417.2449891325933	0.6821133	0.0	0.0	13006257.666666666	145120454.0
180	195.12891725784183	0.6849703	0.0	12640183.666666666	0.0	73916460.8
179	322.18703728397526	0.6853326	30271462.0	32657337.666666668	38324974.666666664	551570772.0
181	361.2440352893104	0.68736655	0.0	56061608.0	14941667.666666666	141980554.0
184	362.191842164758	0.6889886	18193878.166666668	25190373.333333332	12923735.5	37285389.2
185	366.2133848466533	0.6904641	15717960.333333334	18466824.833333332	10122161.5	20276240.8
187	348.1762777896019	0.6912597	0.0	13251692.0	0.0	23517689.2
183	313.12128075900443	0.69249433	0.0	24029827.666666668	0.0	28896366.8
182	389.2502633375549	0.69257253	0.0	90877789.66666667	27080721.666666668	254621028.0
190	291.0430482231281	0.6960738	29680993.666666668	0.0	11989199.0	0.0
186	149.05962975386964	0.69612366	0.0	12521447.5	1127148.3333333333	22598893.6
188	120.08088416817088	0.69863856	0.0	108633076.66666667	59567369.666666664	218109108.0
192	166.08620678728357	0.7005884	105903155.66666667	1945756000.0	1079955290.0	3588601080.0
193	241.1154993380871	0.70277804	0.0	43458552.666666664	17519121.166666668	107620913.2
189	320.1814106264264	0.7075404	0.0	23612068.333333332	4412716.166666667	42095762.4
194	676.3328783975672	0.7097289	162292217.33333334	0.0	84360476.0	0.0
195	451.2243974628496	0.71029633	101881709.0	0.0	39087177.0	0.0
197	245.09515738328537	0.7145133	20710727.0	52358997.333333336	30428271.666666668	59389761.6
198	267.07699222091867	0.71510965	34902911.666666664	25343558.0	25506117.666666668	24757079.6
199	1333.6133659149662	0.718684	29510477.0	0.0	0.0	0.0
200	272.1601547119689	0.72181046	0.0	19852365.5	2156931.5833333335	28460821.2
205	667.3095358255222	0.72227985	419819265.0	0.0	130121921.66666667	0.0
196	203.13885741762945	0.72284806	0.0	13074678.166666666	27140747.0	233317080.0
204	190.1072266548435	0.7228595	30835621.666666668	10133851.0	27782250.0	0.0
202	659.3121788551292	0.7228603	35429127.666666664	0.0	14300615.0	0.0
203	678.2991154263221	0.7228603	41461716.333333336	0.0	19367913.333333332	0.0
208	339.1660515462349	0.7308841	31680162.333333332	40623050.333333336	22236043.666666668	51628487.2
206	295.1285827589136	0.7314752	10875625.333333334	68679719.0	19743311.333333332	82447139.2
210	479.1868829912203	0.73321724	36260829.333333336	34062679.666666664	32957858.0	0.0
211	501.1688699918351	0.7332175	22334193.0	19611039.333333332	20143717.0	0.0
209	652.3044074215018	0.73458534	22288428.666666668	0.0	6741175.083333333	0.0
212	286.1756849014536	0.7365429	1256954.4166666667	234752400.0	51677827.333333336	403783526.0
213	379.69279738006594	0.73715013	88436229.33333333	0.0	38897096.666666664	0.0
201	219.13375545714567	0.7421952	29706487.333333332	218851856.66666666	101595786.66666667	739526028.0
217	243.13370919143617	0.74720407	13617595.5	22278001.0	11172898.333333334	63298661.6
216	693.7652289716085	0.74744254	42282427.666666664	0.0	25603164.0	0.0
250	249.1264145755905	0.7525609	0.0	47951236.666666664	14803211.166666666	193392694.0
219	336.15823744611725	0.75289196	0.0	38739161.0	11591948.333333334	61867257.2
231	233.149341410022	0.75452006	29722092.666666668	171342393.33333334	83362602.33333333	438897076.0
223	189.12317721874103	0.7546991	0.0	189829758.33333334	58010652.0	285622312.0
218	304.18651909591057	0.7548656	0.0	20528008.166666668	6526743.5	111125664.8
222	358.19675601975365	0.75508523	51608176.666666664	93614821.66666667	40174310.666666664	129784636.0
220	412.1709323661094	0.7552388	1220709.25	24053623.666666668	9585509.333333334	34940243.6
225	227.1023941113424	0.7611349	30892606.333333332	30374346.666666668	24063294.666666668	32170475.6
228	679.785911138352	0.76692766	15758095.0	0.0	0.0	0.0
226	561.2917026162901	0.76944685	0.0	2562798.5	0.0	55813948.4
227	409.2053635307919	0.7714252	14372323.166666666	13663948.333333334	13408734.5	16557602.6
191	316.1863576572177	0.77174455	32105014.666666668	80795590.0	37530670.333333336	143157326.0
230	1334.5974483376517	0.7718525	23127439.0	0.0	0.0	0.0
234	281.14926634425854	0.77225584	0.0	254212003.33333334	46737789.666666664	668227530.0
233	338.16818562814666	0.77233773	10902937.833333334	17379871.666666668	15433716.666666666	22767189.6
236	678.792188746894	0.7767134	31910002.666666668	0.0	20030687.666666668	0.0
237	667.8045392951864	0.7772834	572501218.3333334	0.0	191321503.33333334	0.0
229	387.2234037789759	0.77771413	22260490.666666668	30571705.0	15678911.833333334	45545097.2
235	659.8043226496101	0.77844185	38097637.666666664	0.0	16880871.333333332	0.0
238	251.14993073272257	0.78007376	40232626.333333336	32576111.666666668	26430922.666666668	46274776.4
242	451.2295326088515	0.78387046	0.0	0.0	0.0	34325320.4
240	220.1177729116309	0.7848273	40243148.333333336	99721402.33333333	48524297.0	63459721.6
241	242.0995959640028	0.78482825	28189910.0	33994259.666666664	31850593.0	14744785.4
256	203.138872048265	0.78806776	1314438.9166666667	16501021.5	32684818.0	290688376.0
244	652.7966140091622	0.7910161	28512067.0	0.0	11052803.333333334	0.0
243	237.1229933275	0.7939011	0.0	33744787.333333336	13259997.333333334	76117790.8
245	694.2607385616012	0.7967329	40408258.666666664	0.0	29768472.0	0.0
247	401.28668411489525	0.800185	0.0	0.0	0.0	141488152.0
263	261.14422371785605	0.8006037	25429917.0	120965595.0	38195010.0	202119472.0
248	242.18596894092107	0.80116063	195569361.66666666	185275080.0	119761288.33333333	181325710.0
249	201.14696524290912	0.804543	0.0	0.0	2099896.6666666665	158040926.0
254	279.1344448765769	0.805909	73668233.33333333	114644071.66666667	49725530.0	117722477.2
253	382.1943146016948	0.80602354	8902758.25	14029336.666666666	0.0	10876558.2
252	360.2124495999134	0.80649924	103354069.0	170321590.0	66894669.0	169838418.0
255	229.1545072338224	0.81154543	46242230.666666664	832056451.6666666	715000400.0	4120013740.0
258	357.2129803694223	0.81602865	13122178.166666666	12451431.5	6901357.583333333	11540515.4
259	276.17039792402704	0.81953245	119634896.66666667	119863911.66666667	76636007.66666667	128791037.2
262	219.1337523640617	0.8263413	58540308.666666664	66377013.666666664	43220076.333333336	82832562.8
260	183.6103859829984	0.82742524	0.0	7355262.333333333	0.0	38032885.6
264	201.1232329421496	0.82870626	15609418.166666666	14751278.5	13056172.166666666	13651635.0
261	366.213431415012	0.83007866	0.0	11305939.0	0.0	43744100.0
265	306.1446076104198	0.8310659	23547695.666666668	0.0	8168853.0	0.0
246	457.3015634588738	0.83263946	0.0	31024502.666666668	33185687.0	158839370.0
278	247.11074155606315	0.83698195	6242070.666666667	24979473.666666668	7719765.333333333	24454497.6
270	441.2341158570604	0.8373761	15317915.166666666	16465580.166666666	9643973.5	22090451.6
272	205.1257736976665	0.83827007	0.0	0.0	0.0	23878875.2
274	443.14750218221	0.844013	107195350.66666667	101508257.33333333	66838922.333333336	0.0
273	211.08646728856448	0.8440603	775942136.6666666	863236060.0	632546861.6666666	0.0
268	409.2442381164894	0.8462385	0.0	11636733.0	0.0	56426162.8
277	243.1337127934591	0.84661084	13797531.833333334	36799206.333333336	12431352.333333334	63274993.2
275	359.2648077252401	0.8468284	0.0	16416674.0	17366665.0	271692690.0
269	461.3326949442702	0.8490801	0.0	0.0	11021820.5	164493634.0
276	344.18111518806404	0.849336	0.0	44244161.0	14413659.0	72646218.4
267	253.1518177729764	0.8497852	0.0	0.0	18265078.166666668	58777785.2
286	230.15789618524929	0.8557055	1368649.6666666667	103696534.33333333	90300994.33333333	508064466.0
282	345.14419157885027	0.8669616	0.0	60621883.666666664	6436078.833333333	168307548.0
284	479.2837218750354	0.87367	0.0	0.0	0.0	30332375.2
285	247.12864390901188	0.8781777	25127760.333333332	27299529.333333332	18717957.0	20418639.2
287	270.1921438222464	0.8811969	154034126.66666666	179177355.0	114034496.0	189876184.0
288	304.1764715411197	0.884463	167470407.33333334	187444206.66666666	126177043.33333333	189455482.0
289	459.3170688878733	0.88455313	0.0	0.0	0.0	36382248.0
290	442.2658283915464	0.8849248	8929963.333333334	9432767.083333334	0.0	0.0
292	312.1914624523882	0.8895001	17845514.5	23554086.333333332	13817100.333333334	23416638.4
294	229.1545250811889	0.8918926	33896293.5	703628935.0	714791860.0	4249031840.0
291	251.1363340255816	0.8942903	0.0	15558087.5	16510333.833333334	44518577.6
295	415.2546849246073	0.8955677	103299645.33333333	0.0	40808792.0	0.0
296	195.11270469349324	0.8974893	271746325.0	292732458.3333333	213692193.33333334	262415368.0
297	326.2071651660111	0.8978498	26885535.333333332	27442774.333333332	18450034.0	32005054.8
299	172.09668417400272	0.901088	45698428.333333336	21635607.666666668	25165329.666666668	0.0
298	445.30165708037896	0.9022339	0.0	0.0	0.0	39373122.4
280	231.170160728304	0.90482634	29908176.666666668	148759940.0	479751771.6666667	3888852520.0
301	215.13890833311712	0.90963876	53496768.666666664	339717060.0	93559748.33333333	379734112.0
309	232.1735235834381	0.91193897	0.0	19493065.333333332	58835121.333333336	399252278.0
293	253.1179753682808	0.91234744	9745362.0	93181649.33333333	28537960.666666668	131657861.6
300	269.1257305506796	0.91312104	0.0	0.0	0.0	12715757.0
321	166.08621078515503	0.915221	0.0	3500431.5	0.0	23548272.4
306	407.26483407338674	0.91584265	0.0	0.0	0.0	34593218.4
304	358.196753629188	0.91622627	23370147.333333332	23707365.666666668	15598914.666666666	26778468.0
305	204.13597550183204	0.9172047	0.0	0.0	0.0	23903121.2
308	227.1751353783729	0.9209246	0.0	0.0	35509424.0	0.0
302	483.3147435742087	0.92118263	0.0	0.0	8044770.666666667	56814496.0
307	253.1518215704895	0.9229794	0.0	1424612.8333333333	27506302.666666668	80407216.0
303	461.3327393297	0.923522	0.0	0.0	25385576.0	274088214.0
313	187.1229570240123	0.932899	0.0	26807682.666666668	0.0	0.0
312	382.1969085767989	0.9341667	15056666.0	93190641.66666667	28170858.0	121003266.8
314	247.1075995895989	0.93654734	35995586.333333336	39566111.333333336	23787934.0	45684974.0
315	423.2599371519564	0.9418382	0.0	2932239.3333333335	0.0	56093708.0
320	320.1816493424568	0.9430784	23692259.666666668	25247135.0	15225671.166666666	27045984.4
316	372.1559398943768	0.943632	0.0	22901058.333333332	8590046.166666666	37451657.6
318	350.1741319224698	0.9445194	4677928.833333333	137127656.0	43822720.333333336	301070474.0
319	243.1337857977597	0.94485474	19719780.833333332	21615170.666666668	12984072.666666666	29155877.2
311	295.16503679457185	0.95315444	0.0	66732249.666666664	38162627.833333336	59823108.8
322	400.1977763328035	0.9544383	12634742.666666666	7921582.25	6380942.0	0.0
350	353.1817933005448	0.9558391	43835239.333333336	44701519.666666664	28286671.0	62770191.2
324	237.12312711268413	0.9597683	0.0	32023498.666666668	29776093.333333332	255096794.0
326	267.1336486157102	0.9649932	0.0	31288527.333333332	12662935.666666666	85263402.0
327	229.11831753681707	0.9656295	97347617.33333333	109625459.33333333	75929425.0	110104353.2
328	376.1892315943648	0.96772105	17789347.833333332	19259248.666666668	11769773.166666666	26898244.4
330	281.1494218091751	0.96890813	24106043.333333332	21447114.333333332	15760474.333333334	24646693.6
331	293.1129745985468	0.96919715	14859056.0	18943665.5	12626888.166666666	20910643.2
329	263.1421801328285	0.9736083	0.0	28961378.666666668	5664559.5	104643156.0
333	362.19182007720656	0.97387064	0.0	30468288.333333332	7720595.916666667	48931504.0
332	320.16366629425687	0.9743071	0.0	1597980.0	0.0	96364046.0
335	589.3231718184364	0.977208	0.0	0.0	0.0	66326541.2
341	295.1295720767482	0.9774127	1460929.1666666667	19912781.166666668	0.0	39673374.0
336	286.1759520408337	0.97847944	0.0	14486600.166666666	0.0	28990799.6
334	313.1214179678429	0.98220617	0.0	12555485.5	0.0	22351648.4
337	317.1469783952236	0.98291415	0.0	2357178.8333333335	1594647.0	26299172.0
365	295.1650698801484	0.9854497	0.0	95914066.66666667	35094879.5	940713584.0
338	180.13623553610458	0.98593336	0.0	16777714.166666668	0.0	68059620.8
340	359.2649831900987	0.9880075	0.0	36528133.0	4317573.333333333	167176234.0
342	435.2711526699711	0.9894718	0.0	0.0	0.0	50355802.0
343	218.1392431624926	0.99083346	0.0	0.0	0.0	61653288.0
344	424.2077046688983	1.0017507	3050857.5	26527994.333333332	0.0	38098226.8
345	451.26596058462576	1.0046492	0.0	0.0	3235791.6666666665	135826306.0
349	486.2922077512117	1.0107565	52651398.666666664	0.0	18788481.5	0.0
351	508.2746268626032	1.0111517	23589441.0	0.0	5458719.166666667	0.0
352	251.6709178598077	1.0113689	0.0	50898140.0	3096382.0	79117878.0
346	502.33460188567375	1.0116867	0.0	25515640.666666668	0.0	44561022.4
355	493.30182353557	1.0263389	0.0	0.0	0.0	28571702.0
353	253.151978036177	1.0271692	0.0	13680373.666666666	27773864.0	76328118.0
354	261.1443788110773	1.027809	17102192.166666668	47402466.0	16670472.666666666	61894709.6
356	231.1702439758712	1.0289997	22335931.333333332	155833575.0	345914273.3333333	2825453860.0
358	547.2523298253296	1.0399848	0.0	0.0	0.0	22505585.6
360	411.2598871166163	1.0400106	18111894.166666668	14248988.166666666	9880166.0	11424506.0
364	433.2422909273442	1.0445076	10941603.166666666	0.0	0.0	0.0
362	557.2966491513138	1.044811	0.0	1377252.9166666667	0.0	22195072.0
366	603.3344030361003	1.050206	0.0	12516912.833333334	0.0	16801080.8
368	576.3388814640853	1.055791	0.0	21556301.333333332	0.0	33241678.0
359	264.1421014751778	1.0566723	1376945.9166666667	170874431.66666666	89489496.66666667	520423196.0
367	525.2704941239252	1.0566503	0.0	42504964.0	23622580.666666668	144547498.0
370	314.20705578526264	1.0572921	7331388.833333333	89348386.66666667	25831120.0	146376806.0
369	285.1205807963194	1.0574514	0.0	19967057.333333332	15715531.666666666	34696703.2
371	263.1389304400071	1.0585862	42359890.666666664	1060988991.6666666	544317553.3333334	3376743700.0
374	261.12357131346187	1.072316	44116280.0	45684166.666666664	35141965.333333336	43213888.8
373	378.20213691630806	1.0794996	92166170.66666667	86466579.33333333	64232343.333333336	154719704.0
375	373.2806466608034	1.0808786	0.0	0.0	0.0	32808966.0
376	233.1494501509535	1.0822263	38527686.666666664	46197017.333333336	28595395.666666668	60551895.6
377	120.08022416372027	1.0876882	0.0	0.0	0.0	18671680.0
380	529.3018096208857	1.0876882	0.0	0.0	0.0	86715607.2
379	376.1898493395458	1.0888358	937165.9166666666	15670695.833333334	0.0	33538369.6
378	287.1363488299148	1.0936753	0.0	12184490.5	6600698.5	46874273.2
381	266.1578416517978	1.0938188	0.0	25546976.0	15278155.166666666	187186676.0
382	265.15444038709296	1.0948939	1692929.0	153351777.66666666	108877242.33333333	1219683380.0
384	160.07569816729253	1.1083639	83492508.33333333	63757075.333333336	69609272.33333333	0.0
383	458.19211148858847	1.1095926	0.0	12207944.333333334	0.0	27603872.4
386	295.1288587493645	1.115795	0.0	16670938.166666666	0.0	21283278.8
385	477.2377270958849	1.1159288	19082196.5	19958354.0	10063712.333333334	26775403.6
387	321.19182634496576	1.1208231	0.0	0.0	0.0	23150098.0
390	603.3132033577119	1.1284343	14464387.5	10528885.166666666	6817620.666666667	0.0
391	489.36437274575945	1.1289942	0.0	0.0	0.0	79775747.2
388	336.1913567167029	1.1297476	0.0	40707513.0	4236581.833333333	128454620.0
412	263.1390746558713	1.1346923	1027532.75	44598247.0	15811082.0	84631958.0
392	197.128383436428	1.1367611	118816948.33333333	108777983.33333333	88223353.66666667	97855100.0
389	560.4014252154593	1.1371187	0.0	15131133.666666666	4739395.666666667	94551966.0
396	159.0916108212095	1.1373764	15338036.333333334	11656647.166666666	10362163.5	10716743.6
393	245.1857734613933	1.1382656	28253149.333333332	195583620.0	242990370.0	2005876460.0
398	539.3436060457618	1.1385429	0.0	0.0	0.0	50194522.4
395	231.1126626380712	1.1401874	0.0	17625579.333333332	0.0	0.0
397	316.2228397220863	1.1412307	38113054.333333336	316362548.3333333	77291863.66666667	503191530.0
399	338.20443483529345	1.1419758	6568076.666666667	29222017.666666668	16030791.666666666	36636573.6
394	623.3068477038221	1.1426485	0.0	0.0	0.0	49565440.8
401	329.1491975032626	1.1488297	0.0	62926897.666666664	10804683.833333334	231242636.0
402	589.3226719632752	1.1524795	0.0	37265823.333333336	0.0	110284204.8
403	243.1338405134607	1.1536014	27493333.666666668	22301016.0	17456465.333333332	24316318.4
405	589.3664679701511	1.1535854	0.0	0.0	0.0	49694186.8
407	317.1468814496067	1.1551744	0.0	24162729.0	6222840.166666667	28026212.8
406	358.1967021955539	1.1567304	0.0	32129262.0	7811571.0	50337086.8
404	475.2397105954397	1.1575496	11953941.166666666	9682191.083333334	6046809.5	12199675.2
400	296.1683454399369	1.1583639	6572111.833333333	80301001.66666667	17729658.333333332	167352246.0
409	378.20203607632254	1.1587771	42484047.666666664	48069611.0	29462387.666666668	75234060.0
408	268.12888113023246	1.1590737	20217337.666666668	21567946.0	13866085.5	26982749.6
411	295.16506215536845	1.1590782	49699091.666666664	462507603.3333333	99577589.33333333	998658656.0
428	360.2125020585777	1.1624355	0.0	24137183.0	14946703.666666666	98319541.2
413	281.1494547945129	1.1799798	26055792.0	27103133.0	17603705.333333332	32243596.8
414	326.2071826588821	1.1832566	26285659.333333332	46141108.666666664	21633560.333333332	73108253.2
415	415.25486619959497	1.1860621	0.0	16888501.333333332	0.0	33388718.4
416	166.08616395555123	1.1929576	0.0	0.0	0.0	12755942.0
418	449.239292745389	1.1970263	18879315.0	22365345.0	13218418.166666666	38050127.6
419	493.3018920131975	1.1984755	0.0	18900870.0	0.0	53273938.0
417	287.13635631059594	1.2018727	0.0	13147030.0	1583048.5	35423024.8
420	265.15445507682733	1.2027242	0.0	258229500.0	83457156.0	1107404028.0
421	217.15458733489967	1.203875	54521158.666666664	42715766.666666664	34400075.333333336	51814753.6
422	152.07060256017144	1.2059891	33919700.333333336	0.0	17695896.0	0.0
423	473.3330899513338	1.2188609	0.0	0.0	0.0	32161752.0
424	486.7590236977612	1.2217143	145488096.66666666	1345092.75	55506482.333333336	0.0
426	229.15458914291048	1.2299259	142151586.66666666	351049848.3333333	136409177.66666666	505300120.0
425	230.1580769441248	1.2314233	18655680.833333332	45480513.666666664	17558452.0	65255442.4
427	546.3496195439252	1.2371179	0.0	29553642.0	0.0	96105638.8
431	245.1857715571104	1.2415389	0.0	40686616.333333336	82926796.66666667	870218044.0
430	657.3788060285724	1.2431278	0.0	9691227.833333334	0.0	66131524.0
429	635.3970095283217	1.2434204	0.0	15516649.666666666	0.0	134321710.0
436	319.20545370951726	1.2453686	0.0	38598051.0	14635380.666666666	123896982.8
432	340.18387032149025	1.2453686	0.0	29618287.666666668	17995646.833333332	52561202.4
433	318.2021747451639	1.2461193	12581787.833333334	236234780.0	85377270.0	746331040.0
435	562.3806098883324	1.2461541	0.0	0.0	0.0	48071603.6
434	297.12659637753603	1.2495736	0.0	8275543.0	0.0	29011355.2
437	231.11266968628087	1.249768	132966447.33333333	122145949.0	86436825.66666667	151324154.0
439	332.21761991370744	1.2559906	0.0	56140354.666666664	13892330.833333334	87658600.8
440	191.6259063417673	1.2598374	0.0	0.0	0.0	111049656.0
438	232.1161774334569	1.2600719	19872362.5	18831071.666666668	13101227.333333334	22506141.6
444	229.0990300279262	1.2681302	35541587.666666664	25788098.333333332	21930094.666666668	34447882.8
441	392.2177066020433	1.2689755	30775408.666666668	17463517.166666668	17331263.166666668	16948574.6
443	382.2446952150509	1.2690972	0.0	29532818.0	9965370.333333334	441636002.0
445	631.3228676251531	1.2707514	0.0	0.0	0.0	22989856.4
448	288.19174828993897	1.2827706	18037705.0	0.0	0.0	0.0
452	201.147026720927	1.2898988	0.0	0.0	0.0	59955264.0
450	350.204803425456	1.2902954	10087116.833333334	17153984.5	11750929.333333334	20617669.6
482	677.4210523243513	1.290358	0.0	15879050.666666666	0.0	23404628.8
455	327.04669228026785	1.2917778	32141321.666666668	0.0	5891802.5	0.0
454	408.2125672114655	1.2953354	0.0	10525491.666666666	0.0	22201733.2
451	302.2072327835927	1.2956563	0.0	1179470.0833333333	0.0	19840578.4
453	401.2870034303424	1.2956477	0.0	0.0	1787710.6666666667	150844226.0
456	173.1073399360546	1.3001988	23800992.333333332	22137740.666666668	17916870.666666668	32959362.4
458	243.13386263667203	1.3004692	107479495.66666667	119516712.66666667	78627008.33333333	150162948.0
457	330.1524469888163	1.3059007	0.0	15988319.166666666	0.0	84480484.0
460	329.1493818571404	1.3083256	0.0	75686129.0	11887628.666666666	398609556.0
461	295.18691093780825	1.3103738	21027347.333333332	20368886.0	12463360.833333334	24607332.8
459	589.3666449975764	1.3104784	14472452.666666666	15091794.166666666	5174063.75	23256758.0
462	444.2125749004524	1.3195711	0.0	9415843.0	0.0	46884922.4
464	507.3175909571066	1.3212954	0.0	0.0	0.0	52227856.8
447	655.4386710086454	1.3226986	0.0	33639201.333333336	0.0	59335175.2
465	263.1388603259732	1.324772	330518635.0	402087006.6666667	241241300.0	584992970.0
466	176.07058182611274	1.3253416	147754623.33333334	166881641.66666666	93267709.66666667	0.0
470	285.1207164971631	1.3253653	11867053.333333334	13193565.166666666	10743749.166666666	11279106.0
442	245.18582491841977	1.3289839	1131365.3333333333	56346598.0	146515393.0	2701923400.0
467	511.346700400038	1.3294742	0.0	0.0	0.0	28181320.4
469	489.3644797324096	1.3320764	0.0	0.0	2259846.1666666665	201725990.0
468	394.23352780284	1.3322779	0.0	16569554.166666666	4096572.8333333335	115466129.2
463	329.22612141094686	1.3323334	17569304.666666668	71766888.33333333	20090468.0	127149388.0
472	231.11268243703253	1.3325038	114065201.0	114749295.0	79770606.66666667	119288514.0
473	553.3342638266286	1.3352504	52475836.666666664	42654151.333333336	31773027.666666668	0.0
449	328.22289805907195	1.3359601	95865002.66666667	366114453.3333333	108366844.33333333	740038030.0
471	267.1675877791778	1.3387682	0.0	0.0	7434837.166666667	55552509.2
475	310.1670774025618	1.3438773	11328731.666666666	2546224.8333333335	1037071.4166666666	0.0
476	257.1444962091569	1.3459607	10668596.916666666	16265477.666666666	4309613.75	19369804.2
477	513.281941516707	1.3465483	13157418.333333334	21286760.333333332	10003979.833333334	26844200.8
478	218.1392435571956	1.348856	0.0	0.0	0.0	42356762.8
479	435.27117697328	1.348856	0.0	0.0	0.0	100226248.0
485	350.204747762113	1.3521553	10578980.333333334	20635258.333333332	13000765.666666666	28736004.0
480	227.0813847739104	1.3544061	30074319.0	28974759.333333332	21277203.333333332	27327650.4
483	277.15454536437306	1.3669367	41824708.666666664	42724496.333333336	27695175.333333332	50790912.4
486	297.1264534668697	1.3761508	0.0	0.0	0.0	43333926.8
487	295.16509851770803	1.3789467	64719720.333333336	62284633.666666664	43508628.333333336	85806080.0
488	289.1544403372442	1.3801385	27422787.0	23807483.0	18307916.0	35667763.2
490	287.1712176456196	1.3831297	26995276.0	24802639.0	17265815.833333332	35056070.0
491	426.2018970358425	1.3870914	0.0	3202780.75	0.0	17214998.2
493	485.2609645500412	1.3878449	0.0	9438373.0	0.0	67958644.4
492	243.13383492139783	1.3885217	72806763.33333333	111650598.33333333	64113132.333333336	234470748.0
494	360.1924795385344	1.3919251	62891583.333333336	119964907.33333333	53633661.666666664	198504264.0
495	479.2976316641987	1.4086535	8748570.333333334	24294384.666666668	5575969.0	45017523.6
496	330.2387364460633	1.4109712	23096282.0	8150998.333333333	0.0	19271135.6
499	337.2231903994824	1.4131708	13073075.0	13712984.666666666	6209885.416666667	20562497.6
489	279.1701764626929	1.41503	0.0	6812074.333333333	0.0	39905607.2
497	229.15450397680047	1.4160255	0.0	1144376.3333333333	0.0	15056313.2
498	424.2076028483178	1.4186262	18268353.833333332	30368136.0	11839562.833333334	46511171.6
500	399.2600843509136	1.4217343	42485967.333333336	51424871.333333336	28540758.0	92748291.2
502	642.3454386611751	1.4247108	0.0	7641648.833333333	0.0	14352835.4
501	316.2229801602224	1.425677	0.0	17437435.333333332	0.0	28569982.8
503	354.1994977622637	1.4419559	0.0	15298529.333333334	0.0	39602017.2
504	332.2177919764732	1.4431123	0.0	94455221.0	40404903.666666664	374438026.0
505	380.9870588671613	1.4448662	20516061.666666668	14119866.833333334	12383240.0	0.0
506	183.0916967814863	1.448948	35792750.333333336	36536810.0	28448961.333333332	56720513.2
508	329.1495143812135	1.4540688	27011129.333333332	27063704.0	17953124.0	36042198.8
509	491.2863585884443	1.463871	23668286.333333332	36091936.333333336	15049487.666666666	63344620.4
510	211.14401754991104	1.4663187	82752973.33333333	91589936.0	60235090.666666664	117496812.0
511	469.2557364560348	1.4663248	0.0	0.0	0.0	54983846.4
512	374.2283574203856	1.4690578	0.0	0.0	0.0	25334584.8
515	279.1314448470108	1.4781758	11034019.0	10711304.333333334	8623508.5	10598530.0
516	257.1493730363307	1.4824053	28092503.333333332	29033371.0	18989978.666666668	36632005.2
517	574.4171643907608	1.4927331	1266613.25	10053255.916666666	0.0	20621660.4
518	687.5007345934423	1.493755	0.0	20997639.0	0.0	50101687.2
519	709.482696986268	1.493755	0.0	20849582.0	0.0	41631653.2
520	366.23596147199146	1.4968287	14383710.0	23411570.0	16253649.0	31630564.0
521	344.2541877436403	1.4971298	101228406.66666667	292724973.3333333	107943211.0	599541430.0
525	326.7048712963515	1.5138557	0.0	0.0	0.0	27442051.6
524	652.4022731838111	1.5138557	0.0	0.0	0.0	49811652.0
527	509.3330885876642	1.5206829	0.0	0.0	0.0	49445215.6
526	253.15215057879345	1.5216621	11492886.666666666	12382108.333333334	7917212.166666667	11908237.0
529	231.17024742719795	1.5219791	147045475.66666666	181807288.33333334	101296660.0	275583862.0
528	120.08015073151353	1.5220467	0.0	0.0	0.0	19870561.6
530	726.3668393401404	1.5245253	23404878.5	0.0	0.0	0.0
531	277.1183002453296	1.5264733	22521901.0	29125225.0	17068782.0	32835317.2
532	579.3143165259946	1.5315899	0.0	0.0	0.0	21094941.2
533	301.15197682210703	1.533449	0.0	0.0	3606123.6666666665	52138735.6
534	557.3330015347799	1.5356829	0.0	0.0	0.0	150197926.0
535	279.1701649096268	1.5391002	3596390.9166666665	40830126.0	81334999.66666667	1747454420.0
536	461.242479907067	1.5443918	10686445.833333334	35234868.666666664	8202561.0	46437865.6
539	364.2203245450706	1.546396	10499326.166666666	24970008.666666668	13989583.333333334	29134662.8
543	342.2385889051628	1.5475867	123583769.33333333	582092546.6666666	158417751.66666666	1008780948.0
537	408.2488091495667	1.5493085	0.0	0.0	0.0	58101471.2
538	211.14400234225263	1.5537528	97224865.66666667	97642199.0	68504981.33333333	98958272.8
553	343.2418456014117	1.5601337	20295004.333333332	86421766.0	14090358.333333334	160455137.2
544	257.1494182136269	1.5619936	17531915.0	15711079.666666666	13589528.333333334	20323636.0
540	683.4697712823214	1.5629147	0.0	54050871.0	1762353.8333333333	90716404.8
541	705.4520355003478	1.5638539	0.0	22735775.0	0.0	33230740.0
542	394.2334923251975	1.564275	0.0	35633617.666666664	3582469.6666666665	91893462.0
545	427.2913998511512	1.5710906	17575749.5	42811648.0	15288350.0	78937260.8
546	190.086231265742	1.5839769	29601321.333333332	22555485.666666668	15606051.5	0.0
547	374.2284213558884	1.5858587	0.0	61144966.666666664	17367645.666666668	129806436.0
548	263.1415560943844	1.5961477	1208014.3333333333	1278955.5833333333	0.0	9788884.6
549	318.2022194253721	1.5971248	0.0	5040389.833333333	0.0	12522006.0
551	329.1496566442712	1.5974562	27931012.0	30618547.0	18953804.833333332	39342337.2
550	393.2228642569236	1.5976728	0.0	0.0	0.0	32616604.0
554	162.05496671327808	1.6156771	53940564.666666664	78313451.33333333	31092072.0	0.0
555	245.12842868875143	1.6195375	129143039.0	145127653.33333334	106031071.0	183730372.0
557	265.15454914814427	1.6228307	57658580.666666664	60155162.666666664	38658158.666666664	81387803.2
556	229.1541537011221	1.6249974	0.0	0.0	0.0	8983109.8
558	513.268303002979	1.6265603	0.0	17545887.666666668	1254682.0833333333	23501490.0
559	491.2862678498103	1.6281066	6360702.0	86340865.66666667	15510178.25	194126156.0
569	343.2418792088174	1.628208	10768826.166666666	17516650.333333332	10064783.833333334	46471454.4
575	342.2037264073657	1.6288841	12336648.166666666	24069897.0	13310925.333333334	67132574.4
562	328.2229519585182	1.631276	19944701.5	21418112.333333332	11437726.0	29839325.6
561	426.2019674458039	1.6328543	14866174.166666666	9331518.583333334	7311217.916666667	7872807.7
570	342.2385615054451	1.6333091	55813732.666666664	89669195.0	48431335.0	240671104.0
564	345.2575487053784	1.6458664	0.0	26018744.666666668	1336875.5	46783816.0
563	313.1545321664203	1.6487567	0.0	0.0	5846577.166666667	314530254.0
565	366.2360867341018	1.6506258	0.0	19015695.666666668	9045206.166666666	24386097.6
578	344.25442123215373	1.6514325	18194192.666666668	129164432.66666667	36250424.666666664	281318280.0
567	459.2600291252916	1.6624043	20568481.666666668	14723996.333333334	11338961.5	18752016.4
568	394.1788958717762	1.6773707	0.0	0.0	0.0	11428923.8
572	439.29156745007054	1.6940672	149130357.33333334	144664252.66666666	86487935.0	211785484.0
573	265.15457602695665	1.6992358	48366459.666666664	47356664.0	30782796.333333332	67726718.4
574	461.2731731076157	1.7061119	25182214.0	23197827.333333332	16709258.5	30865342.0
576	360.2126906775019	1.7123566	13148477.666666666	13103784.0	1243987.5	18244723.8
577	245.12841248463704	1.7172924	128236138.33333333	123190835.0	85459992.0	170523730.0
571	167.01284580306853	1.7254599	6559833.083333333	6327015.833333333	7387929.75	0.0
580	350.2072543176181	1.7335248	0.0	15961044.333333334	0.0	102069430.8
579	372.1891089303853	1.7337596	0.0	0.0	0.0	17543901.4
581	311.1388196386878	1.7354668	31584544.0	28745886.666666668	20032780.0	40045043.2
582	275.03061652780013	1.7410148	78909708.33333333	0.0	14469445.5	0.0
583	259.1652219596589	1.7524362	8940771.333333334	9995090.0	0.0	14371551.6
584	568.8372827284385	1.7543344	0.0	0.0	0.0	29165674.4
585	285.2172626873292	1.7643685	10727500.5	11608780.666666666	2539554.0	14630493.4
586	291.1338433549974	1.7765406	43640016.0	45018094.666666664	27341904.0	63789064.4
587	313.115713648685	1.7771782	10989600.5	10724472.333333334	5931612.75	13698721.6
590	461.2734318637688	1.7831442	13678211.666666666	12434986.083333334	7208899.166666667	12529014.0
588	376.2230680565178	1.7945555	19197651.5	22727685.333333332	11425093.0	97532248.0
591	439.2917507912474	1.7964528	65150849.333333336	67798196.0	33171572.666666668	116963940.0
589	505.302310262644	1.8077437	0.0	34539521.0	3292525.0	84594114.8
592	271.20161011040125	1.8172126	6123768.416666667	3142659.8333333335	0.0	13532341.4
593	200.1071755561353	1.8201169	16875091.833333332	15461044.0	14154360.833333334	0.0
594	245.18602634702293	1.8249545	78473065.66666667	114482441.66666667	50682772.0	177454750.0
595	525.2712173454229	1.8348985	0.0	4935728.833333333	0.0	20336851.8
596	659.3404680419295	1.8365616	20928640.166666668	9196227.666666666	10851658.666666666	0.0
597	213.159831019632	1.8444299	19075604.333333332	19048326.5	13654955.333333334	26110494.4
598	358.2698620476966	1.8474563	0.0	0.0	0.0	16741817.4
599	344.2544818011819	1.874337	0.0	0.0	0.0	10367135.6
601	558.3288772407926	1.8756118	0.0	11709253.166666666	0.0	13599783.6
603	407.23914013402526	1.8844837	0.0	0.0	0.0	25677011.6
604	202.12296785443712	1.905742	21513514.0	37810462.666666664	17983250.666666668	0.0
607	279.17063153851547	1.9193237	62494820.666666664	62854333.333333336	40228134.666666664	95232401.6
600	167.01277581368976	1.9208031	7479624.5	6887710.916666667	8131210.5	4966035.3
610	473.27570009185	1.9413434	15722430.833333334	25153278.0	10162530.0	47838299.6
608	412.2230545741795	1.9419487	0.0	0.0	0.0	80982312.8
611	227.13895120872635	1.9426994	0.0	1103428.9166666667	0.0	12119221.6
613	342.23853661516887	1.947326	17533778.5	42075032.0	10727063.5	72706680.0
614	356.2177084808603	1.9630115	0.0	0.0	0.0	16213579.6
616	203.08146999932143	1.9750911	25020150.666666668	0.0	9125158.0	0.0
615	758.4071365877764	1.9758617	0.0	8628528.083333334	0.0	24505475.2
617	780.3894083696031	1.9761906	0.0	0.0	0.0	9694071.3
618	192.0654130977545	1.987082	66451773.666666664	0.0	24211492.666666668	0.0
619	279.1699868885278	1.9985274	71931173.0	70457493.0	43020437.666666664	107659734.8
622	216.1016947250099	2.0095334	71565796.33333333	73094001.66666667	36982311.0	0.0
625	136.0756383500406	2.0566607	11023937.166666666	0.0	0.0	0.0
624	269.0555316159273	2.0568438	21812643.666666668	30589659.666666668	20010700.666666668	0.0
623	299.2324416382865	2.058826	13061093.0	14633901.166666666	1432623.1666666667	19597314.4
626	313.1541968711701	2.060146	21061597.666666668	22047890.666666668	13040902.333333334	29695561.2
627	657.3971773108108	2.0885491	0.0	0.0	0.0	13964078.4
629	414.2360773609995	2.1138606	0.0	0.0	0.0	20522138.8
630	392.2543205452542	2.1138685	0.0	3796290.0	0.0	136168128.0
631	218.1176725787188	2.1592987	48766609.666666664	48870684.0	24217922.333333332	0.0
632	211.0866427200472	2.2227807	132649705.0	8669175.583333334	53918293.0	0.0
633	261.1596682955871	2.256934	16998705.5	16744961.833333334	11407558.333333334	22918884.4
635	207.0551283857567	2.2866447	9819038.5	0.0	0.0	0.0
634	224.08185966585816	2.2867596	257378361.66666666	79236729.0	116593989.66666667	0.0
636	225.06711406137848	2.2879083	9464948.916666666	0.0	0.0	0.0
637	167.01285261734023	2.3262558	9119800.916666666	8519216.833333334	9143172.916666666	7674700.3
638	210.05837762137165	2.3379862	13955192.833333334	0.0	3174153.75	0.0
639	216.13823167764755	2.3761275	21248897.666666668	41805838.0	15469393.0	0.0
640	309.07261160676234	2.4826035	47193368.333333336	1268971.6666666667	10682593.0	0.0
641	224.037634996662	2.5303552	25504432.0	0.0	4931039.833333333	0.0
642	222.02214816784632	2.5865564	56332053.333333336	5779378.666666667	9642158.5	0.0
643	232.1333539909188	2.5903885	125759632.66666667	131646041.66666667	61276444.666666664	0.0
645	276.1592003610324	2.6287506	12520409.666666666	12170856.0	0.0	0.0
646	227.07186068915303	2.644532	24288344.333333332	18800638.833333332	16026410.0	0.0
647	226.0691516467155	2.6449287	297372933.3333333	225698783.33333334	195053043.33333334	0.0
648	247.04765122158983	2.645726	46335464.0	27671032.0	20704181.666666668	0.0
651	244.13313172620363	2.64654	36987181.666666664	23573181.666666668	15006757.166666666	0.0
649	225.0658954865537	2.6465425	2088071933.3333333	1607759300.0	1394909933.3333333	0.0
650	207.05519439476976	2.6465495	66509924.333333336	52327921.333333336	42807290.0	0.0
644	167.01290796970866	2.700454	9909843.333333334	9854401.666666666	10497791.833333334	8603536.9
653	299.2331107892448	2.7244563	11372636.833333334	11002331.166666666	2265588.5	17205522.8
654	322.1187506541815	2.7954304	0.0	13379534.333333334	0.0	0.0
655	206.02715115552311	2.8628197	34549237.333333336	0.0	12958637.833333334	0.0
662	326.0703937473679	2.9382894	524622473.3333333	40830307.666666664	190994851.66666666	0.0
658	327.06213815026246	2.9383001	257873068.33333334	20208429.666666668	92785175.0	0.0
661	328.06592287103007	2.9387224	43565439.333333336	0.0	15482394.333333334	0.0
657	347.0493278922925	2.938771	33003600.333333332	0.0	17055347.166666668	0.0
659	325.0676568005233	2.9391103	3076809083.3333335	234546676.66666666	1108279983.3333333	0.0
660	147.85979821223137	2.9393384	22356019.333333332	0.0	8178498.083333333	0.0
664	702.0394596385249	2.9393432	16923641.833333332	0.0	944786.4166666666	0.0
663	146.02626844046452	2.9404027	9968907.666666666	0.0	0.0	0.0
666	419.0051541084331	2.9433508	10930225.333333334	0.0	6887559.0	0.0
656	246.14894818600428	2.9447887	35261010.666666664	42931851.0	18904584.333333332	0.0
667	225.0658925894033	2.949151	17126539.166666668	14116260.333333334	9681165.416666666	0.0
668	307.02094856118686	3.021529	21073454.0	0.0	0.0	0.0
670	242.15361455579983	3.0755026	11814616.666666666	51385574.0	9403853.0	0.0
669	259.1518889996605	3.0767307	53813374.333333336	35469494.666666664	20991982.666666668	0.0
672	515.2901605818088	3.0771756	55144759.666666664	28447730.666666668	12729193.833333334	0.0
671	258.1487102040786	3.077578	289606096.6666667	194459491.66666666	115230859.0	0.0
673	288.19565153973133	3.1032476	29414580.0	33023471.333333332	19867849.666666668	0.0
674	167.01289416270592	3.1090615	10396804.5	10757283.5	10365213.833333334	9087976.2
675	487.33200270693214	3.132565	7977006.0	76479892.33333333	0.0	0.0
677	245.1729201342524	3.132893	32902311.666666668	108366805.66666667	25528132.666666668	0.0
676	244.16967983217512	3.133296	182919441.66666666	612876448.3333334	143575223.33333334	0.0
680	146.02592057714455	3.182172	9714069.5	0.0	0.0	0.0
679	328.0658241848729	3.1821997	33985092.0	0.0	11290028.666666666	0.0
682	325.06771529173835	3.1827993	2403113633.3333335	110323525.66666667	805331695.0	0.0
681	279.0622028936553	3.183256	9941668.333333334	0.0	5978110.833333333	0.0
683	147.85949096636327	3.1833942	17605303.5	0.0	0.0	0.0
685	272.1643812064868	3.2298644	14087983.833333334	0.0	0.0	0.0
686	225.0659808513361	3.2339077	11568076.0	7608265.416666667	5005326.916666667	0.0
690	778.4791451770483	3.2843077	14107930.333333334	11276151.166666666	994046.0	0.0
687	262.1708808188317	3.2882457	29985003.666666668	28086865.0	15933132.333333334	0.0
688	519.3223709141944	3.288224	590930256.6666666	552146785.0	283416720.0	0.0
684	260.16473800900906	3.2886188	1720473433.3333333	1594029500.0	904983133.3333334	0.0
691	261.16793104100816	3.2886393	305050075.0	279759691.6666667	162828721.66666666	0.0
693	563.3486715571022	3.3089004	20891268.5	16028491.166666666	5590313.0	0.0
692	304.1908876226	3.3101006	63208565.333333336	52366839.666666664	30296464.666666668	0.0
697	225.0659864454533	3.3629518	10509550.666666666	6288072.833333333	2113862.0	0.0
694	306.1911659613521	3.3679824	17991233.666666668	16074299.666666666	8202756.25	5483637.2
695	257.13844503531	3.368353	8493039.833333334	7649342.333333333	0.0	2888612.0
696	334.2224131766461	3.369306	16892505.5	15057116.666666666	8318928.5	3997034.8
698	274.27397851627245	3.4014683	11553130.166666666	12016301.833333334	11440036.333333334	11498134.8
699	272.1645867712494	3.4141037	73573431.66666667	16872837.833333332	21820680.666666668	0.0
700	302.17518458714414	3.417436	30589393.666666668	16340852.166666666	11762766.166666666	0.0
701	290.17516407619866	3.4240894	21758851.0	0.0	8912048.5	0.0
703	258.18576824241217	3.4854465	1978136.6666666667	26716835.0	1057817.8333333333	0.0
704	519.3227719525111	3.5021966	0.0	7390890.25	0.0	0.0
705	261.1682206269666	3.5061355	3960130.6666666665	54534873.666666664	1833677.5	0.0
706	260.1648561267541	3.5154333	34091425.0	304241931.6666667	24662250.75	0.0
708	286.18041252061033	3.605951	18361602.833333332	14490920.666666666	935152.3333333334	0.0
709	275.1834834998432	3.6227837	39997268.166666664	17038518.333333332	14693137.833333334	0.0
710	274.1802671136834	3.6257946	235705031.66666666	86846848.33333333	74985397.66666667	0.0
711	547.3532994538547	3.627805	39675960.0	1520131.8333333333	0.0	0.0
713	272.2586168569988	3.6376028	10994878.333333334	11504334.0	11498999.333333334	12239124.0
712	258.1493108762367	3.6431293	0.0	8737397.666666666	0.0	0.0
714	276.15973983911914	3.6522372	19056041.166666668	11327660.583333334	1939351.5	0.0
718	241.14371896598607	3.6803868	9320700.166666666	7806897.666666667	0.0	3167487.0
725	301.1650089086359	3.6810253	23365474.75	18884446.333333332	10120284.0	7443140.8
716	269.1386263995575	3.6814542	22179919.833333332	18393103.0	9585338.083333334	7288740.0
720	318.1915620206449	3.6815498	60899631.333333336	52536926.5	24879492.666666668	25282241.7
726	346.2228550260628	3.6824806	53332455.0	46016480.666666664	22950222.0	18158604.2
717	323.1467973822116	3.6876204	11243491.333333334	10123168.666666666	1228871.9166666667	4382892.8
715	270.18542579907904	3.6877196	0.0	25202613.333333332	10155741.166666666	0.0
727	313.35796608074435	3.7199037	33169567.333333332	28045415.666666668	15964630.166666666	0.0
729	287.1836686779862	3.7407973	147359013.33333334	69896860.33333333	56366633.666666664	0.0
731	288.1865741473562	3.7420144	16494210.666666666	6007005.25	5814597.083333333	0.0
733	286.1804558004889	3.7428436	745009000.0	342155070.0	303767225.0	0.0
732	571.3537657218026	3.7436528	198756871.66666666	61286379.333333336	53737023.0	0.0
735	539.3640834866343	3.7834902	0.0	70274847.33333333	0.0	0.0
736	270.1856165825056	3.785693	44237431.0	695899581.6666666	91585665.0	0.0
734	271.18892500206715	3.7861023	9030215.166666666	138292840.0	18821060.666666668	0.0
738	555.3590861276688	3.7881553	4058971.5	23715529.666666668	1157992.75	0.0
740	543.3952537752724	3.8278227	0.0	78028247.33333333	0.0	0.0
739	272.20116862251024	3.828458	53253399.0	662503633.3333334	135634443.33333334	0.0
741	273.20440798794164	3.828887	10879641.25	132564624.33333333	27002180.0	0.0
743	406.2440541629523	3.845676	10195882.166666666	8263282.333333333	0.0	3142071.0
744	434.27527840695655	3.8600082	9696160.0	6809086.333333333	0.0	2189557.0
745	274.1800157409928	3.8796365	0.0	8255261.25	0.0	0.0
746	300.1960559906891	3.9123058	9647695.0	2592299.5833333335	0.0	0.0
748	460.2696905871665	3.9288645	20697877.5	9817296.833333334	16828718.5	0.0
747	432.2381974654671	3.930755	11687009.833333334	0.0	8988418.416666666	0.0
749	290.20205523275354	3.9542592	22484447.666666668	11133292.0	7476272.25	0.0
750	289.19917895536366	3.9561577	200794426.66666666	101176136.66666667	84822524.33333333	0.0
751	288.1959973984178	3.9569812	989715860.0	499778280.0	415214215.0	0.0
752	575.3848321919627	3.9569697	309725621.6666667	118705933.33333333	89754100.0	0.0
756	284.20110887308266	4.061598	0.0	12877108.833333334	0.0	0.0
754	300.1957439504866	4.0721126	9312232.916666666	0.0	0.0	0.0
755	298.2165004001905	4.1200047	8188644.083333333	192908466.66666666	22090374.666666668	0.0
757	418.2434569219989	4.1364555	6688867.416666667	5200931.666666667	0.0	1971818.6
758	446.27478030259135	4.138713	7280256.166666667	4933054.833333333	0.0	1568836.3
759	296.2009865357304	4.139685	0.0	32689503.333333332	0.0	0.0
760	286.2167037248848	4.1643076	0.0	13629225.5	0.0	0.0
761	312.1959302472093	4.1745853	19490475.0	9010865.75	7169434.5	0.0
762	304.2997190718796	4.2053103	3425495.3333333335	0.0	0.0	0.0
763	298.21660358246766	4.219329	0.0	65087603.666666664	0.0	0.0
765	288.1959623864663	4.226148	969121.8333333334	67773910.66666667	0.0	0.0
766	314.2112308839516	4.2390585	150848726.66666666	93019390.66666667	61701557.333333336	0.0
767	627.4147307911104	4.240154	19425918.333333332	1300967.25	0.0	0.0
769	640.391047066854	4.3266463	19932139.166666668	0.0	15771721.166666666	0.0
773	286.1802402085317	4.37457	0.0	28434176.5	0.0	0.0
771	314.21151128048785	4.377787	10572273.25	12068689.5	5371310.5	0.0
778	322.20119304999787	4.4511504	9283730.333333334	7161293.833333333	0.0	3351173.2
775	298.21655199850545	4.4555593	0.0	78495222.66666667	9381606.75	0.0
776	305.1746144546232	4.456329	13559210.916666666	10293519.75	2135610.4166666665	6078008.4
774	327.1564597718236	4.456485	6726207.583333333	5094703.166666667	0.0	2490245.2
777	350.2324857676246	4.4571495	12601742.833333334	9073414.916666666	3235241.6666666665	8723691.1
779	301.23566057048714	4.4961033	0.0	34811003.666666664	0.0	0.0
780	300.23238436712865	4.49933	1902264.0833333333	156069860.0	21596846.666666668	0.0
781	314.21152287249447	4.5392466	0.0	9202409.416666666	0.0	0.0
782	320.0856095215573	4.576973	10028590.916666666	0.0	0.0	0.0
783	499.2883989041275	4.584557	24770884.666666668	0.0	20966671.0	0.0
784	494.3332896431978	4.585227	99152288.33333333	0.0	85256376.66666667	0.0
785	654.4067384754145	4.5955806	12378426.666666666	0.0	8626044.916666666	0.0
786	316.22717988386944	4.6108575	27157876.666666668	34747375.333333336	15926136.0	0.0
787	324.2324797831142	4.6657805	0.0	19277826.166666668	0.0	0.0
790	326.2480853322559	4.7054453	0.0	76735471.0	8447870.0	0.0
789	327.2514326432169	4.7066703	0.0	19002925.166666668	0.0	0.0
792	359.27919613118564	4.883379	60185449.333333336	0.0	39119915.333333336	0.0
791	671.4301529557978	4.8833976	11293118.333333334	0.0	7969619.083333333	0.0
793	668.422059076594	4.8835654	620663168.3333334	14422473.0	446766213.3333333	0.0
796	293.12296883907874	4.8839984	12722924.166666666	0.0	8134567.416666667	0.0
794	651.3956184168306	4.8845778	24269969.333333332	0.0	16836267.0	0.0
795	1318.8109620311757	4.8845387	59912440.333333336	0.0	30122615.333333332	0.0
798	376.3058926404215	4.8852344	15336415.0	0.0	9617657.416666666	0.0
797	1323.7660681464663	4.885795	13482679.833333334	0.0	11969765.333333334	0.0
801	341.2688189457845	4.8871193	5950069.166666667	0.0	0.0	0.0
799	508.3484834048711	4.889286	20355970.0	0.0	19701134.0	0.0
800	673.3769500588058	4.89189	34893637.666666664	0.0	37543503.0	0.0
803	328.2636993911783	5.143072	0.0	50513981.0	0.0	0.0
802	682.4355922405542	5.1792912	52738144.666666664	0.0	32519374.666666668	0.0
807	341.2676083038773	5.18735	10730273.333333334	0.0	8559857.0	0.0
813	153.12701118067395	5.1884856	13860314.166666666	0.0	10760642.333333334	0.0
817	525.3707169555923	5.1885056	12810469.166666666	0.0	10711937.5	0.0
808	1026.690817207534	5.18848	54945089.666666664	0.0	33521376.0	0.0
809	1031.646286421041	5.1890535	77867854.33333333	0.0	69681766.66666667	0.0
810	505.33590959525947	5.1896224	27312139.333333332	0.0	23139897.0	0.0
811	359.2781148117186	5.189664	102018705.66666667	0.0	81289044.33333333	0.0
805	523.3659334848434	5.189797	401902080.0	13800592.166666666	336793680.0	0.0
812	522.3628208921525	5.1901827	1321736066.6666667	44746835.666666664	1105827973.3333333	0.0
806	171.13732788405517	5.190762	10130959.166666666	0.0	7816426.75	0.0
815	527.3177313042302	5.1909695	159670604.33333334	9650762.75	162000753.33333334	0.0
814	376.3046457642524	5.1914144	15139231.0	0.0	11126469.166666666	0.0
816	543.2911207267456	5.191913	13907327.333333334	0.0	14074819.0	0.0
818	550.3938513078107	5.1970854	11890014.333333334	0.0	14498143.0	0.0
819	694.4356084687225	5.218143	147891931.66666666	0.0	76594955.0	0.0
820	699.390465484371	5.2188134	14993324.666666666	0.0	9451363.666666666	0.0
822	354.27995715193384	5.290145	0.0	154884851.66666666	15236528.0	0.0
827	701.4078240226078	5.478445	25611927.333333332	0.0	24785689.333333332	0.0
825	679.426668069295	5.4788523	9298473.166666666	0.0	3193140.9166666665	0.0
826	1379.8275309264386	5.479105	4586132.5	0.0	0.0	0.0
828	1374.8732584614877	5.4793434	17373456.833333332	0.0	4653654.166666667	0.0
829	696.4530125279866	5.4802876	272556093.3333333	0.0	177442400.0	0.0
830	387.3103711198656	5.4809117	26072589.0	0.0	15883221.5	0.0
831	536.3796335211565	5.4955273	68438637.33333333	0.0	58027656.666666664	0.0
824	541.3348104468276	5.496708	15532754.0	0.0	18049466.0	0.0
836	385.29488026824873	5.5279546	10668198.25	0.0	5114827.583333333	0.0
833	548.3798527006537	5.528031	242639015.0	0.0	168811136.66666666	0.0
834	553.334710872054	5.528031	45361247.0	0.0	36187704.0	0.0
835	576.4108558549235	5.52865	14346821.0	0.0	15043463.833333334	0.0
837	722.4690594767362	5.668303	10424813.25	0.0	0.0	0.0
838	356.2946656750292	5.7545	0.0	73308044.0	8767173.916666666	0.0
839	710.4680775875917	5.7628145	11484987.333333334	0.0	4123208.25	0.0
840	722.4675393416469	5.784741	16574486.0	0.0	6908549.083333333	0.0
844	387.3099349117765	5.7913413	25700484.666666668	0.0	16768026.666666666	0.0
842	550.3946634161013	5.7913413	375528041.6666667	0.0	250312303.33333334	0.0
843	555.3495206657673	5.791342	66485678.666666664	0.0	48850879.666666664	0.0
841	1087.7101385204148	5.7913413	23459553.333333332	0.0	13568074.0	0.0
845	578.4255107703034	5.793247	17639543.0	0.0	18934188.333333332	0.0
846	382.3105509998874	5.8449135	3532823.9166666665	59153954.666666664	6972679.666666667	0.0
847	724.4838423496526	6.0471673	39689038.333333336	0.0	17398245.833333332	0.0
848	576.4107214737285	6.0891705	12942904.25	0.0	4028869.0	0.0
849	578.4269650615754	6.3356404	18038199.166666668	0.0	2781319.3333333335	0.0
850	124.08712997389596	7.442573	1364435.5833333333	2813787.8333333335	4499013.5	0.0
851	124.08713395110556	7.7908554	3943740.6666666665	1239390.4166666667	1772110.5	1483505.0
852	124.08701266219	8.184035	5572954.0	998486.3333333334	3976835.25	0.0
853	144.9821904194371	8.357131	13859532.666666666	14383820.0	14194137.0	13133969.4
854	171.18557871990666	8.357286	38122650.666666664	32627277.666666668	30236717.333333332	25179740.0
855	226.0120610142246	8.4015255	42038667.333333336	3254366.6666666665	38586309.333333336	31193556.0
857	184.98558795605496	8.402333	60824680.333333336	5387368.333333333	71535440.0	50174213.2
856	181.01444590964016	8.405931	7498914.666666667	10230211.0	25455431.0	25938797.2
858	139.98791760010454	8.407101	16544209.666666666	23538213.666666668	33460828.333333332	17712049.6
859	223.9883599065161	8.410289	11852846.833333334	11448592.0	11035958.666666666	11140447.0
862	208.03934234680287	8.411771	21239129.0	20676990.0	19842516.666666668	17813356.0
861	122.5473397928042	8.412068	38239045.666666664	36658405.0	32907565.666666668	32300846.8
860	131.53362246755697	8.412364	37326422.0	34719422.333333336	34089876.333333336	33481334.0
863	167.0128698664502	8.412661	52244098.333333336	54389473.0	50367783.666666664	46020265.6
864	199.98794234740905	8.52728	9097749.166666666	8870938.666666666	9159081.833333334	8776148.4
865	182.9852727479359	8.538214	26643297.666666668	25792128.0	26893738.333333332	25323447.2
866	154.99029340477182	8.549639	8860488.833333334	8620724.5	9002506.333333334	8444333.6
867	158.96144861364067	8.706698	7272525.75	7532550.5	7484300.583333333	7568672.1
868	141.95869535171013	8.797717	9200607.5	9290166.666666666	9480231.833333334	9575141.4
