CLUSTERID1	CLUSTERID2	ComponentIndex	Cosine	DeltaMZ
252	468	1	0.946	-34.021
468	496	1	0.9446	63.995
468	578	1	0.9532	49.979
149	572	1	0.9167	15.011
428	512	1	0.9246	-14.016
370	397	1	0.9518	-2.016
397	496	1	0.9029	-14.016
397	501	1	0.9647	-0.000
135	449	1	0.966	15.958
292	449	1	0.9029	-16.031
370	449	1	0.9853	-14.016
449	542	1	0.9424	-66.011
449	543	1	0.9738	-14.016
449	562	1	0.9324	-0.000
449	570	1	0.9664	-14.016
449	578	1	0.9579	-16.032
449	613	1	0.9709	-14.016
419	610	1	0.9046	20.026
423	610	1	0.9143	0.057
427	610	1	0.8986	73.074
500	610	1	0.9285	-74.016
559	610	1	0.8873	18.011
588	610	1	0.8982	-97.053
589	610	1	0.8883	32.027
591	610	1	0.9201	-33.984
168	441	1	0.887	165.042
297	441	1	0.9313	-66.011
304	441	1	0.9596	-34.021
373	441	1	0.9742	-14.016
418	441	1	0.8957	57.022
441	509	1	0.8938	-99.069
191	409	1	0.9074	-62.016
254	409	1	0.9097	-99.068
409	561	1	0.9322	-48.000
561	568	1	0.891	32.023
176	270	1	0.9423	-97.052
176	304	1	0.9752	-14.015
176	373	1	0.9571	-34.021
176	567	1	0.8867	-115.078
135	252	1	0.9428	-16.031
252	454	1	0.9042	-48.000
252	496	1	0.9612	29.974
252	578	1	0.9586	15.958
440	630	1	0.8857	-10.010
454	630	1	0.9046	15.958
543	630	1	0.9293	-50.016
570	630	1	0.9344	-50.016
578	630	1	0.9194	-48.000
580	630	1	0.893	-42.047
588	630	1	0.8886	-16.031
613	630	1	0.9531	-50.016
289	303	1	0.9107	-2.016
496	578	1	0.9844	-14.016
542	578	1	0.9606	49.979
547	578	1	0.9013	29.974
562	578	1	0.9179	-16.031
578	598	1	0.9326	-14.015
135	562	1	0.9429	15.958
158	562	1	0.9573	-42.047
370	562	1	0.9456	-14.016
542	562	1	0.9105	66.011
543	562	1	0.935	14.016
562	570	1	0.9435	-14.016
562	588	1	0.9305	-48.000
562	613	1	0.94	-14.016
290	509	1	0.9479	-49.021
418	509	1	0.9569	-42.047
509	545	1	0.972	63.995
246	559	1	0.8915	-33.985
367	559	1	0.8954	33.984
419	559	1	0.9037	2.016
423	559	1	0.8948	-17.953
427	559	1	0.8829	55.063
500	559	1	0.9251	-92.026
559	589	1	0.9796	-14.016
559	595	1	0.9626	-33.985
373	567	1	0.8966	-81.058
355	362	1	0.9724	-63.995
355	367	1	0.9748	-31.969
355	494	1	0.8906	133.109
355	595	1	0.8947	-31.969
246	289	1	0.9673	-2.016
246	589	1	0.9019	-48.001
570	588	1	0.8952	-33.985
588	613	1	0.8889	33.985
547	576	1	0.8913	14.016
576	598	1	0.8925	1.943
373	418	1	0.9019	-71.037
418	500	1	0.9774	49.979
344	383	1	0.9419	-33.984
383	454	1	0.9231	49.980
521	598	1	0.964	-14.016
537	598	1	0.9303	49.979
543	598	1	0.8998	-16.031
570	598	1	0.8954	-16.031
598	599	1	0.9249	14.015
598	613	1	0.8878	16.031
212	613	1	0.979	-56.063
222	613	1	0.9695	15.958
543	613	1	0.9827	0.000
570	613	1	0.9809	0.000
135	158	1	0.9653	58.006
135	222	1	0.9586	-14.015
135	292	1	0.9284	31.990
135	370	1	0.9768	29.974
370	496	1	0.9613	-16.032
496	501	1	0.888	14.016
496	521	1	0.9231	-14.015
496	599	1	0.9185	-14.016
367	494	1	0.8885	165.078
414	494	1	0.9267	-33.985
212	222	1	0.9607	-72.021
212	543	1	0.9769	-56.063
212	570	1	0.973	-56.063
222	543	1	0.9706	15.958
543	570	1	0.9717	0.000
200	336	1	0.9625	-14.016
200	370	1	0.9161	-42.047
362	464	1	0.9467	49.979
367	464	1	0.9471	17.953
298	545	1	0.9059	18.010
90	222	1	0.8831	40.006
90	344	1	0.884	-26.005
512	547	1	0.9151	-0.000
222	344	1	0.927	-66.011
222	570	1	0.9623	15.958
423	536	1	0.8876	12.091
158	292	1	0.8918	-26.016
292	370	1	0.9101	-2.016
168	373	1	0.8963	179.058
146	440	1	0.8981	-42.047
289	419	1	0.9507	-33.985
289	427	1	0.9418	-87.033
289	500	1	0.9151	60.057
289	589	1	0.8977	-45.985
406	498	1	0.9103	-66.011
498	547	1	0.9085	49.979
517	521	1	0.9011	230.163
521	537	1	0.9566	-63.995
521	599	1	0.9044	-0.000
276	406	1	0.9496	-14.016
406	547	1	0.8925	-16.032
406	570	1	0.886	15.958
414	419	1	0.8935	-167.095
419	423	1	0.9821	19.969
419	427	1	0.9591	-53.048
419	500	1	0.9533	94.042
419	589	1	0.8964	-12.000
270	304	1	0.9225	83.037
254	412	1	0.9065	15.995
537	599	1	0.8907	63.994
423	427	1	0.9692	-73.017
427	500	1	0.9262	147.090
427	589	1	0.8877	41.047
423	500	1	0.9377	74.073
423	589	1	0.9131	-31.969
423	591	1	0.8867	34.041
414	591	1	0.9103	-113.085
572	591	1	0.9258	-0.000
561	595	1	0.8933	-99.069
290	545	1	0.9289	14.974
344	454	1	0.9112	15.995
362	367	1	0.9827	32.026
362	595	1	0.9138	32.025
297	304	1	0.9472	-31.990
297	572	1	0.9529	-113.084
500	589	1	0.8972	-106.042
158	370	1	0.98	-28.031
276	370	1	0.8892	29.974
367	595	1	0.9025	-0.001
517	518	1	0.971	-113.084
304	572	1	0.8899	-81.095
142	159	2	0.7757	65.007
154	159	2	0.928	-1.004
159	175	2	0.8322	-1.012
159	287	2	0.8214	-15.028
159	288	2	0.8052	-49.012
142	288	2	0.9438	15.995
154	288	2	0.8722	-50.016
175	288	2	0.9692	-48.000
287	288	2	0.9655	-33.984
142	154	2	0.8288	66.011
154	175	2	0.9	-2.016
154	287	2	0.8956	-16.031
142	287	2	0.9372	49.979
175	287	2	0.9847	-14.016
142	175	2	0.9311	63.995
123	259	3	0.8812	15.995
248	259	3	0.8648	-33.984
123	248	3	0.8371	49.979
122	148	3	0.8609	-2.016
122	248	3	0.8479	-16.031
148	152	3	0.808	0.516
148	248	3	0.8902	-14.015
67	165	4	0.9504	-16.031
96	165	4	0.9688	-14.016
118	165	4	0.9464	49.980
165	238	4	0.9683	0.000
67	118	4	0.9266	-66.011
96	118	4	0.9366	-63.995
118	238	4	0.9382	49.980
67	96	4	0.9374	-2.016
96	238	4	0.9556	-14.016
67	238	4	0.9638	-16.031
825	828	5	0.7809	-695.447
802	839	5	0.9685	-28.032
829	839	5	0.9644	-14.015
839	840	5	0.8784	-11.999
839	847	5	0.8503	-14.016
833	848	5	0.9343	-28.031
840	848	5	0.8624	146.057
842	848	5	0.9139	-26.016
792	798	5	0.9656	-17.027
794	798	5	0.7626	275.090
798	801	5	0.9146	35.037
798	807	5	0.9192	35.038
798	808	5	0.7957	-650.385
798	810	5	0.9654	-129.030
798	811	5	0.9618	17.028
798	812	5	0.8475	-146.057
798	814	5	0.9811	0.001
798	844	5	0.8049	-11.004
769	793	5	0.9147	-28.031
785	793	5	0.9037	-14.015
793	794	5	0.9502	17.026
793	795	5	0.8049	-650.389
793	802	5	0.908	-14.014
793	808	5	0.8361	-358.269
793	812	5	0.8757	146.059
793	819	5	0.9022	-26.014
793	829	5	0.9207	-28.031
793	837	5	0.8228	-54.047
784	799	5	0.9619	-14.015
785	799	5	0.8913	146.058
799	805	5	0.9371	-15.017
799	831	5	0.9347	-28.031
799	833	5	0.8793	-40.031
799	842	5	0.9334	-42.046
799	849	5	0.7416	-70.078
794	825	5	0.8908	-28.031
825	829	5	0.9193	-17.026
825	842	5	0.8734	129.032
825	847	5	0.8047	-45.057
825	849	5	0.738	101.000
769	837	5	0.8615	-82.078
785	837	5	0.8748	-68.062
802	837	5	0.8581	-40.033
819	837	5	0.8747	-28.033
829	837	5	0.8825	-26.016
837	847	5	0.7179	-2.015
784	833	5	0.8304	-54.047
805	833	5	0.874	-25.014
819	833	5	0.8347	146.056
831	833	5	0.8592	-12.000
833	835	5	0.8027	-28.031
833	836	5	0.8158	163.085
833	842	5	0.8744	-2.015
784	849	5	0.7229	-84.094
830	849	5	0.7131	-191.117
842	849	5	0.9004	-28.032
847	849	5	0.8395	146.057
784	842	5	0.9239	-56.061
805	842	5	0.9338	-27.029
812	842	5	0.8118	-28.032
831	842	5	0.8991	-14.015
792	814	5	0.9825	-17.025
801	814	5	0.9241	-35.036
807	814	5	0.9353	-35.037
808	814	5	0.7923	650.386
810	814	5	0.9581	129.031
811	814	5	0.9756	-17.027
812	814	5	0.8426	146.058
814	830	5	0.7691	-11.006
814	844	5	0.8194	-11.005
792	801	5	0.9419	18.010
801	807	5	0.993	0.001
801	810	5	0.8731	-164.067
801	811	5	0.9478	-18.009
801	830	5	0.7528	-46.042
801	844	5	0.7863	-46.041
769	829	5	0.928	-56.062
785	829	5	0.9636	-42.046
802	829	5	0.9718	-14.017
819	829	5	0.8815	-2.017
829	840	5	0.9304	-26.015
829	847	5	0.9293	-28.031
807	836	5	0.7215	-44.027
811	836	5	0.7626	-26.017
830	836	5	0.8257	2.015
836	844	5	0.7993	-2.015
769	847	5	0.8072	-84.093
785	847	5	0.8182	-70.077
802	847	5	0.7798	-42.048
840	847	5	0.8235	-2.016
792	830	5	0.8193	-28.031
807	830	5	0.7606	-46.043
811	830	5	0.8372	-28.032
830	844	5	0.9484	0.000
791	805	5	0.793	148.064
791	817	5	0.8434	146.059
769	785	5	0.9624	-14.016
785	794	5	0.7598	3.011
785	802	5	0.9662	-28.029
785	819	5	0.9092	-40.029
769	784	5	0.867	146.058
784	805	5	0.9033	-29.033
784	831	5	0.9376	-42.046
805	808	5	0.7392	-503.325
805	812	5	0.8285	1.003
805	817	5	0.8551	-2.005
805	831	5	0.9186	-13.014
769	794	5	0.7597	-11.005
794	795	5	0.8171	-667.415
794	808	5	0.8194	-375.295
794	810	5	0.8062	146.060
794	812	5	0.8798	129.033
792	811	5	0.988	0.001
807	811	5	0.9549	-18.010
810	811	5	0.9305	146.058
811	844	5	0.8494	-28.032
792	808	5	0.7613	-667.412
795	808	5	0.8337	292.120
808	810	5	0.8751	521.355
808	812	5	0.9392	504.328
792	844	5	0.8332	-28.031
807	844	5	0.7952	-46.042
810	844	5	0.764	118.026
792	812	5	0.8129	-163.084
810	812	5	0.9093	-17.027
812	831	5	0.8106	-14.017
769	802	5	0.9649	-42.045
769	819	5	0.8626	-54.045
802	819	5	0.9057	-12.000
819	835	5	0.7184	118.025
819	840	5	0.97	-28.032
802	831	5	0.8975	146.056
835	845	5	0.7103	-2.015
792	810	5	0.9381	-146.057
807	810	5	0.8798	-164.068
818	845	5	0.7533	-28.032
792	807	5	0.9537	18.012
33	36	6	0.8752	45.058
100	329	7	0.9374	-1.998
151	329	7	0.9393	-16.031
250	329	7	0.9769	-14.016
311	329	7	0.9725	32.023
329	365	7	0.9379	-32.023
329	434	7	0.9736	-33.984
329	607	7	0.9427	-16.028
21	356	7	0.9777	-12.037
50	356	7	0.9596	-42.047
171	356	7	0.9733	-14.016
250	356	7	0.9434	17.956
280	356	7	0.9764	-0.000
356	411	7	0.9532	-63.995
356	420	7	0.9828	-33.984
356	487	7	0.9503	-63.995
356	557	7	0.9778	-33.984
356	619	7	0.9873	-48.000
151	172	7	0.9816	-32.023
172	301	7	0.9826	63.995
172	341	7	0.9191	-15.996
172	365	7	0.9271	-16.031
172	401	7	0.9527	-50.015
172	497	7	0.9417	49.979
50	171	7	0.9787	-28.031
171	557	7	0.9295	-48.000
97	411	7	0.9619	-42.047
130	411	7	0.948	-56.063
234	411	7	0.9843	-14.016
282	411	7	0.9294	49.979
411	413	7	0.9876	14.016
411	463	7	0.9458	-34.061
411	487	7	0.9925	-0.000
411	551	7	0.9594	-33.985
465	556	7	0.9535	33.985
75	162	7	0.9112	-0.000
130	162	7	0.913	57.021
162	192	7	0.8935	15.995
139	376	7	0.8959	49.977
231	376	7	0.987	-0.000
326	376	7	0.9661	33.984
280	421	7	0.9432	14.016
294	301	7	0.9782	14.016
301	497	7	0.9555	-14.016
301	556	7	0.9546	-14.015
192	416	7	0.9902	0.000
321	416	7	0.9925	0.000
311	341	7	0.9393	0.035
330	341	7	0.9374	-13.980
341	365	7	0.9855	-0.035
341	401	7	0.9557	-34.020
341	508	7	0.9403	-34.020
341	607	7	0.9461	15.959
57	125	7	0.893	-2.016
125	280	7	0.943	-12.036
125	529	7	0.9266	-12.036
311	508	7	0.9555	-33.984
365	508	7	0.9609	-33.984
401	508	7	0.9763	-0.000
434	508	7	0.9385	-32.023
489	508	7	0.9518	-49.979
508	573	7	0.9474	63.995
60	393	7	0.9009	23.975
21	31	7	0.9504	-27.995
31	95	7	0.9173	-63.995
31	100	7	0.9684	-14.016
31	206	7	0.9485	-48.000
31	250	7	0.9219	-1.998
225	277	7	0.9627	-16.031
225	458	7	0.9254	-16.031
225	492	7	0.9687	-16.031
225	531	7	0.9643	-50.016
97	463	7	0.9069	-76.108
234	463	7	0.9458	-48.077
282	463	7	0.9364	15.918
413	463	7	0.9461	-48.077
420	463	7	0.9129	-64.072
460	463	7	0.9735	-0.077
463	487	7	0.9428	34.061
463	551	7	0.9726	0.076
463	557	7	0.9053	64.072
97	487	7	0.9573	-42.047
130	487	7	0.9382	-56.063
234	487	7	0.9816	-14.016
282	487	7	0.9254	49.979
413	487	7	0.9837	-14.016
487	551	7	0.9559	-33.985
201	277	7	0.9419	-24.000
217	277	7	0.9107	0.000
262	277	7	0.9489	-24.000
263	277	7	0.9253	18.011
277	354	7	0.884	-18.011
277	458	7	0.9312	-0.000
277	492	7	0.9561	-0.000
277	531	7	0.9253	-33.985
354	492	7	0.8849	18.011
354	614	7	0.8861	-95.073
97	551	7	0.9162	-76.032
234	551	7	0.958	-48.000
282	551	7	0.9426	15.995
413	551	7	0.9588	-48.000
420	551	7	0.9272	-63.995
460	551	7	0.9375	-0.000
551	557	7	0.9223	63.995
60	594	7	0.8955	23.974
21	93	7	0.9888	-14.016
21	174	7	0.9851	-48.000
21	250	7	0.9471	-29.993
293	531	7	0.9648	-24.000
326	531	7	0.8888	-9.985
331	531	7	0.9239	15.995
458	531	7	0.8936	-33.984
492	531	7	0.9436	-33.984
156	573	7	0.9688	-12.037
174	573	7	0.9641	1.979
243	573	7	0.9601	-28.032
382	573	7	0.9897	-0.000
401	573	7	0.9665	63.995
489	573	7	0.9802	14.016
563	573	7	0.9621	48.000
573	619	7	0.9902	-14.015
573	626	7	0.9634	-48.000
201	217	7	0.886	-24.000
217	458	7	0.9396	-0.000
217	492	7	0.8969	-0.000
57	556	7	0.9318	-12.036
151	556	7	0.9442	17.957
497	556	7	0.9697	0.000
556	619	7	0.9506	-50.016
151	250	7	0.9141	-2.016
250	280	7	0.927	17.956
250	330	7	0.9296	-32.023
250	420	7	0.9525	-16.028
250	434	7	0.9746	-48.000
250	557	7	0.9555	-16.028
95	100	7	0.9234	49.979
95	206	7	0.9389	15.995
95	282	7	0.9155	-34.021
311	401	7	0.9729	-33.984
365	401	7	0.9754	-33.984
382	401	7	0.9633	-63.995
401	434	7	0.9602	32.023
401	489	7	0.9595	49.979
401	619	7	0.9659	49.979
97	282	7	0.9364	-92.026
130	282	7	0.9312	-106.042
234	282	7	0.9312	-63.995
282	311	7	0.915	49.979
282	413	7	0.9325	63.995
371	426	7	0.9851	33.984
201	492	7	0.9575	-24.000
262	492	7	0.9575	-24.000
263	492	7	0.9449	18.010
458	492	7	0.9488	0.000
139	231	7	0.8922	49.977
201	231	7	0.9158	-14.016
231	262	7	0.9113	14.016
231	326	7	0.9615	-33.984
156	174	7	0.9711	-14.016
156	192	7	0.9554	87.032
156	243	7	0.9871	15.995
156	382	7	0.9724	-12.036
156	619	7	0.9674	-26.052
156	626	7	0.9766	-60.036
64	293	7	0.9451	-48.000
201	293	7	0.9575	-33.984
262	293	7	0.9515	-33.984
293	326	7	0.9176	-14.016
117	139	7	0.886	-32.021
139	326	7	0.9345	15.993
139	365	7	0.8953	-12.039
174	626	7	0.9686	-46.021
243	626	7	0.9796	-76.031
382	626	7	0.9705	-48.000
563	626	7	0.9888	0.000
117	326	7	0.8848	-16.028
93	100	7	0.9473	-27.995
100	206	7	0.9742	-33.984
100	311	7	0.9284	-34.021
100	365	7	0.9212	-34.021
311	330	7	0.9369	14.016
330	365	7	0.9508	-14.016
330	420	7	0.9168	15.995
330	557	7	0.9252	15.995
97	413	7	0.963	-28.031
130	413	7	0.9448	-42.047
234	413	7	0.9887	-0.000
174	206	7	0.9674	-27.995
206	434	7	0.9465	-1.998
206	489	7	0.9335	15.958
60	92	7	0.9439	0.052
60	294	7	0.8951	40.006
60	497	7	0.887	40.006
280	529	7	0.9325	-0.000
311	611	7	0.8954	68.026
64	201	7	0.9851	-14.016
201	262	7	0.9919	0.000
201	458	7	0.9309	-24.000
262	458	7	0.9279	-24.000
263	458	7	0.9253	18.010
458	614	7	0.9073	-113.084
192	321	7	0.9896	0.000
326	607	7	0.901	-12.037
243	382	7	0.9698	-28.031
151	497	7	0.938	17.956
92	103	7	0.9437	0.002
93	174	7	0.9784	-33.984
174	382	7	0.965	1.979
174	434	7	0.9533	-29.993
174	563	7	0.9694	-46.021
174	619	7	0.9643	-12.036
234	382	7	0.9425	15.995
382	489	7	0.9792	-14.016
382	563	7	0.9666	-48.000
382	619	7	0.9898	-14.016
280	557	7	0.9802	-33.984
420	557	7	0.991	-0.000
557	563	7	0.9293	-48.000
557	607	7	0.9785	-14.016
311	365	7	0.9577	-0.000
311	607	7	0.9475	15.994
64	262	7	0.982	-14.016
151	371	7	0.9811	-16.028
563	607	7	0.9241	33.984
563	619	7	0.9603	33.985
151	434	7	0.9534	-50.016
280	420	7	0.9819	-33.984
420	607	7	0.9758	-14.016
365	607	7	0.9609	15.994
280	619	7	0.9727	-48.000
489	619	7	0.9851	0.000
50	97	7	0.9439	-63.995
280	489	7	0.9736	-48.000
97	234	7	0.9533	-28.031
130	234	7	0.9366	-42.047
97	130	7	0.9809	14.016
235	237	8	0.7264	-8.000
237	244	8	0.7859	15.008
235	244	8	0.7433	7.008
327	575	9	0.8951	-113.085
673	763	10	0.8842	-10.021
685	763	10	0.7974	-26.052
708	763	10	0.7208	-12.036
715	763	10	0.8732	-28.031
755	763	10	0.968	-0.000
759	763	10	0.7064	-2.016
763	766	10	0.7379	-15.995
763	781	10	0.7165	-15.995
763	789	10	0.8344	-29.035
763	822	10	0.8633	-56.063
700	751	10	0.705	13.979
631	710	10	0.901	-56.063
643	710	10	0.8892	-42.047
656	710	10	0.9242	-28.031
684	710	10	0.9141	-14.016
685	710	10	0.7366	-2.016
708	710	10	0.7247	12.000
709	710	10	0.7571	1.003
710	751	10	0.9229	-14.016
710	786	10	0.9513	-42.047
684	714	10	0.8202	-15.995
701	714	10	0.8065	14.015
714	781	10	0.7773	-38.052
684	691	10	0.8111	-1.003
687	691	10	0.7332	1.003
691	701	10	0.7189	-29.007
691	709	10	0.914	-14.016
691	750	10	0.9092	-28.031
729	731	10	0.9035	-1.003
759	787	10	0.7042	-28.031
645	699	10	0.8777	3.995
671	699	10	0.8852	-14.016
699	708	10	0.7317	-14.016
699	733	10	0.9112	-14.016
699	746	10	0.7278	-28.031
699	754	10	0.8042	-28.031
699	766	10	0.7052	-42.047
699	771	10	0.8748	-42.047
687	709	10	0.7013	-13.013
709	749	10	0.7043	-15.019
709	750	10	0.8809	-14.016
673	822	10	0.7821	-66.084
685	822	10	0.7398	-82.116
755	822	10	0.8754	-56.063
789	822	10	0.757	-27.029
656	684	10	0.9029	-14.016
684	786	10	0.9176	-56.062
651	708	10	0.7782	-42.047
685	708	10	0.8585	-14.016
708	733	10	0.7037	-0.000
708	746	10	0.9287	-14.016
708	751	10	0.7156	-2.016
708	766	10	0.9028	-28.031
645	671	10	0.7652	18.010
669	671	10	0.85	1.003
671	733	10	0.8504	-28.032
671	754	10	0.8052	-42.047
671	771	10	0.8847	-56.063
733	754	10	0.8515	-14.015
754	766	10	0.7002	-14.016
754	771	10	0.7945	-14.016
733	771	10	0.9166	-28.031
685	759	10	0.7492	-24.037
715	759	10	0.7031	-26.016
750	789	10	0.7493	-38.052
755	789	10	0.8401	-29.035
669	729	10	0.8174	-28.032
645	692	10	0.7149	-28.032
645	733	10	0.7185	-10.021
651	733	10	0.7069	-42.047
729	733	10	0.7948	1.003
733	746	10	0.7737	-14.016
733	766	10	0.753	-28.031
673	715	10	0.8549	18.010
685	715	10	0.7492	1.979
715	755	10	0.8774	-28.031
687	749	10	0.8693	-28.031
631	751	10	0.8585	-70.078
643	751	10	0.9106	-56.063
656	751	10	0.9155	-42.047
751	786	10	0.941	-28.031
692	746	10	0.7141	3.995
673	755	10	0.8866	-10.021
685	755	10	0.768	-26.052
755	760	10	0.7013	12.000
755	786	10	0.7102	-18.011
631	643	10	0.8982	-14.016
643	656	10	0.9249	-14.016
643	786	10	0.8959	-84.094
631	656	10	0.8872	-28.031
656	786	10	0.924	-70.078
651	766	10	0.8117	-70.078
685	766	10	0.8274	-42.047
746	766	10	0.9419	-14.015
766	786	10	0.7049	-2.016
673	685	10	0.7415	16.031
685	746	10	0.7801	-28.032
651	746	10	0.8263	-56.063
631	786	10	0.8764	-98.109
437	472	11	0.9852	-0.000
438	472	11	0.9076	1.003
437	438	11	0.9135	-1.004
571	637	12	0.992	0.000
600	637	12	0.9736	-0.000
637	644	12	0.9922	-0.000
637	674	12	0.9845	-0.000
637	863	12	0.9861	-0.000
571	644	12	0.996	-0.000
600	644	12	0.9736	-0.000
644	674	12	0.9904	0.000
644	863	12	0.9869	0.000
674	862	12	0.9331	-41.026
862	863	12	0.9216	41.026
571	600	12	0.9792	0.000
571	674	12	0.9867	-0.000
571	863	12	0.9855	-0.000
600	674	12	0.9558	-0.000
600	863	12	0.9575	-0.000
674	863	12	0.9832	0.000
74	186	15	0.8979	15.995
74	466	15	0.8847	-11.016
79	88	16	0.935	58.005
88	275	16	0.8265	-28.031
88	375	16	0.9679	-42.047
79	375	16	0.9473	15.958
16	157	16	0.9579	-48.000
51	157	16	0.9891	15.995
113	157	16	0.9804	-33.984
275	366	16	0.837	-244.070
181	340	16	0.9317	1.979
275	340	16	0.8844	-0.000
315	340	16	0.8635	63.995
340	375	16	0.8816	-14.016
16	51	16	0.952	-63.995
16	113	16	0.9756	-14.016
181	275	16	0.876	1.979
275	315	16	0.9554	-63.995
275	375	16	0.9799	-14.016
51	113	16	0.9734	49.979
51	315	16	0.8443	-113.084
181	315	16	0.843	-62.016
268	315	16	0.8731	-14.016
315	375	16	0.9653	49.979
66	268	16	0.9114	-62.016
113	375	16	0.8368	-113.084
181	375	16	0.8613	-12.037
66	181	16	0.9748	-14.016
747	748	17	0.9198	-28.031
82	128	18	0.9277	58.005
128	218	18	0.9852	-14.016
128	312	18	0.9454	-92.026
128	318	18	0.9467	-60.003
128	450	18	0.8515	-60.034
187	333	18	0.9533	-14.016
220	333	18	0.9672	49.979
82	312	18	0.9649	-34.021
220	312	18	0.8645	29.974
312	318	18	0.9907	32.023
312	450	18	0.8627	31.992
82	184	18	0.9088	-14.016
184	218	18	0.8573	58.005
187	220	18	0.9397	-63.995
82	318	18	0.9485	-1.998
82	450	18	0.8829	-2.029
318	450	18	0.8682	-0.031
15	98	21	0.8439	-16.031
15	183	21	0.8736	-50.016
98	183	21	0.9586	-33.984
45	247	22	0.892	-113.084
89	247	22	0.8989	-16.031
247	342	22	0.9035	-33.984
23	42	22	0.8762	-97.053
42	54	22	0.9137	-2.016
42	89	22	0.9731	-14.016
42	124	22	0.9164	-66.011
11	105	22	0.895	-16.031
23	105	22	0.8852	-14.016
58	105	22	0.9607	49.979
105	145	22	0.985	-0.000
105	179	22	0.9603	-33.984
11	121	22	0.8668	-50.016
23	121	22	0.9506	-48.000
45	121	22	0.9664	-33.984
85	121	22	0.9743	0.000
121	179	22	0.8836	-0.000
11	58	22	0.8804	-66.010
23	58	22	0.8933	-63.995
58	145	22	0.9565	49.979
58	179	22	0.9602	15.995
54	124	22	0.9172	-63.995
23	179	22	0.9353	-48.000
85	179	22	0.8684	-0.000
145	179	22	0.9637	-33.984
11	145	22	0.8806	-16.031
23	145	22	0.9016	-14.016
11	45	22	0.8865	-16.031
11	85	22	0.8814	-50.016
23	85	22	0.9473	-48.000
45	85	22	0.9624	-33.984
23	45	22	0.9572	-14.016
390	473	25	0.9289	49.979
473	524	25	0.8594	-99.068
473	525	25	0.8108	-99.068
390	524	25	0.8698	-49.089
390	525	25	0.8223	-49.089
524	525	25	0.8932	-0.000
22	29	27	0.9832	0.049
29	408	27	0.8288	0.982
22	408	27	0.834	1.032
783	843	28	0.8805	-56.061
824	843	28	0.8557	-14.015
783	824	28	0.8918	-42.046
278	285	30	0.9897	-0.018
712	773	34	0.9218	-28.031
716	725	36	0.9186	-32.026
718	725	36	0.8974	-60.021
720	725	36	0.9514	17.027
716	718	36	0.9726	27.995
718	720	36	0.791	-77.048
716	720	36	0.8428	-49.053
178	189	39	0.9627	-44.026
178	320	39	0.9591	-44.027
178	504	39	0.9726	-56.063
189	504	39	0.9825	-12.036
320	504	39	0.9721	-12.036
504	549	39	0.9074	14.016
189	320	39	0.9899	-0.000
343	478	40	0.8763	0.000
452	478	40	0.9007	-33.984
453	479	40	0.9501	-33.984
249	343	40	0.9129	-33.985
249	352	40	0.8749	-101.048
249	452	40	0.8986	-0.000
452	453	40	0.8703	-0.000
641	668	41	0.7388	-82.983
483	633	42	0.8713	15.995
577	633	42	0.8701	-16.031
597	633	42	0.9227	-48.000
538	597	42	0.8726	-2.016
392	510	42	0.8662	-14.016
510	538	42	0.9438	0.000
510	555	42	0.8898	-33.984
510	577	42	0.9186	-33.984
483	581	42	0.9171	-33.984
538	577	42	0.9272	-33.984
555	577	42	0.9379	0.000
392	538	42	0.8528	-14.016
538	555	42	0.871	-33.984
392	555	42	0.8862	-48.000
400	457	43	0.8762	-33.984
286	425	43	0.9678	-0.000
309	425	43	0.9281	2.015
425	548	43	0.8256	-32.983
286	309	43	0.9432	-2.016
309	400	43	0.8763	-63.995
53	486	43	0.8993	-46.021
59	486	43	0.8951	-18.026
486	548	43	0.8309	33.985
53	59	43	0.9116	-27.996
49	53	43	0.8848	-101.047
286	400	43	0.8386	-66.010
736	775	44	0.9364	-28.031
756	775	44	0.9117	-14.015
761	775	44	0.7763	13.979
736	756	44	0.9428	-14.016
756	761	44	0.7624	-27.995
688	690	45	0.9839	-259.157
688	693	45	0.8015	-44.026
688	704	45	0.9641	-0.000
864	867	47	0.747	41.026
593	864	47	0.703	0.119
670	734	51	0.7617	-29.035
46	173	52	0.7469	-69.058
295	349	53	0.9074	-71.038
295	360	53	0.9489	3.995
349	360	53	0.9006	75.032
360	601	53	0.9253	-147.069
601	627	53	0.9466	-99.068
160	499	54	0.8657	-42.047
213	424	55	0.7419	-107.066
432	503	56	0.8083	-14.016
150	185	57	0.9194	-26.016
150	443	57	0.9496	-42.047
185	443	57	0.9088	-16.031
185	477	57	0.8791	-147.069
261	443	57	0.8556	-16.031
532	629	58	0.865	165.078
565	629	58	0.7476	-48.000
579	629	58	0.8172	-42.047
485	565	58	0.8481	-16.031
485	574	58	0.7438	-111.068
485	590	58	0.7546	-111.069
558	574	58	0.7797	51.995
558	590	58	0.8151	51.995
574	590	58	0.917	-0.000
353	565	58	0.7551	-113.084
20	65	59	0.9817	-33.984
429	435	61	0.9228	73.016
429	433	61	0.8621	317.195
402	405	62	0.9017	-0.044
596	615	64	0.8674	-99.067
694	695	66	0.8345	49.053
204	299	69	0.8714	18.011
71	81	70	0.9212	-183.129
80	83	73	0.9849	0.044
585	623	78	0.8445	-14.015
161	319	79	0.7915	-14.016
62	306	82	0.9379	-50.016
800	815	85	0.7561	146.059
820	834	85	0.7745	146.056
800	820	85	0.9657	-26.013
820	827	85	0.9503	-2.017
800	827	85	0.9511	-28.031
732	738	86	0.7251	15.995
757	758	87	0.7026	-28.031
550	603	88	0.9068	-14.016
634	649	92	0.9414	-0.984
107	334	93	0.8385	-48.000
177	345	94	0.8946	-34.021
177	242	94	0.9662	-33.985
242	511	94	0.9247	-18.026
197	444	95	0.7984	15.996
640	658	96	0.7233	-17.990
640	659	96	0.9636	-15.995
640	662	96	0.7507	-16.998
640	682	96	0.9576	-15.995
658	679	96	0.8505	-1.004
661	679	96	0.9661	0.000
658	659	96	0.7886	1.994
658	661	96	0.8155	-1.004
658	662	96	0.9556	0.992
658	682	96	0.7937	1.994
659	682	96	0.9959	-0.000
662	682	96	0.7695	1.003
659	662	96	0.7691	-1.003
865	868	97	0.8311	41.027
859	865	97	0.7535	41.003
516	544	103	0.9682	-0.000
516	586	103	0.9721	-33.984
544	586	103	0.9808	-33.984
855	857	107	0.8796	41.026
553	569	116	0.9741	-0.000
564	569	116	0.8319	2.016
553	564	116	0.8512	-2.016
776	778	118	0.7963	-17.027
850	851	119	0.9997	0.000
851	852	119	0.9989	0.000
850	852	119	0.9985	0.000
205	209	122	0.7489	15.005
335	394	123	0.8291	-33.984
806	813	125	0.8073	18.010
208	350	130	0.926	-14.016
377	528	135	0.9867	0.000
