CLUSTERID1	CLUSTERID2	DeltaMZ	MinRatio	Cosine	AlignScore2	AlignScore3
11	23	-2.016	0.000	0.8492	0.6893	1
11	38	-13.979	0.000	0.7057	0.5852	1
11	42	-99.068	0.000	0.8024	0.6216	1
11	44	-16.031	0.000	0.7522	0.5754	1
11	45	-16.031	0.000	0.8865	0.7053	1
11	58	-66.010	0.000	0.8804	0.6773	1
11	85	-50.016	0.000	0.8814	0.7608	1
11	86	-113.084	0.000	0.8271	0.7060	1
11	89	-113.084	0.000	0.8046	0.6191	1
11	105	-16.031	0.000	0.8950	0.7022	1
11	121	-50.016	0.000	0.8668	0.6822	1
11	145	-16.031	0.000	0.8806	0.6825	1
11	179	-50.016	0.000	0.8550	0.6449	1
11	414	-54.036	0.000	0.7929	0.5654	1
11	494	-88.021	0.000	0.7527	0.5203	1
15	57	45.988	0.000	0.7010	0.4975	1
15	98	-16.031	0.000	0.8439	0.7589	1
15	151	15.995	0.000	0.7365	0.5993	1
15	183	-50.016	0.000	0.8736	0.7589	1
15	276	-81.075	0.000	0.7016	0.4847	1
15	293	9.988	0.000	0.7116	0.6379	1
15	326	-4.028	0.000	0.7116	0.6197	1
15	406	-95.091	0.000	0.7030	0.4664	1
15	557	-2.049	0.000	0.7132	0.4992	1
16	20	-14.016	0.000	0.7688	0.7713	1
16	51	-63.995	0.000	0.9520	0.8172	1
16	65	-48.000	0.000	0.8111	0.7917	1
16	68	-15.019	0.000	0.7122	0.7282	1
16	79	-143.058	0.000	0.7256	0.4238	1
16	88	-85.052	0.000	0.7446	0.5513	1
16	113	-14.016	0.000	0.9756	0.9209	1
16	157	-48.000	0.000	0.9579	0.8524	1
16	275	-113.084	0.000	0.7863	0.6110	1
16	315	-177.079	0.000	0.7700	0.5022	1
16	338	-113.084	0.000	0.7505	0.6560	1
16	340	-113.084	0.000	0.7415	0.6224	1
16	366	-357.153	0.000	0.7293	0.4308	1
16	375	-127.100	0.000	0.7566	0.5502	1
20	45	-28.006	0.000	0.7177	0.4619	1
20	51	-49.979	0.000	0.7266	0.7524	1
20	65	-33.984	0.000	0.9817	0.9180	1
20	68	-1.003	0.000	0.7774	0.6668	1
20	98	-18.940	0.000	0.7224	0.5088	1
20	100	-0.948	0.000	0.7691	0.7382	1
20	113	0.000	0.000	0.7479	0.7721	1
20	157	-33.984	0.000	0.7305	0.7789	1
20	306	-147.068	0.000	0.7187	0.5033	1
20	365	-34.968	0.000	0.7188	0.7202	1
20	547	-114.032	0.000	0.7018	0.7328	1
20	598	-98.073	0.000	0.7020	0.6834	1
21	31	-27.995	0.000	0.9504	0.8743	1
21	53	-31.972	0.000	0.8036	0.7124	1
21	93	-14.016	0.000	0.9888	0.9325	1
21	125	-0.000	0.000	0.8633	0.6340	1
21	174	-48.000	0.000	0.9851	0.8243	1
21	183	-93.988	0.000	0.7129	0.6246	1
21	250	-29.993	0.000	0.9471	0.7142	1
21	356	-12.037	0.000	0.9777	0.8828	1
21	397	-97.089	0.000	0.8287	0.7798	1
22	29	0.049	0.000	0.9832	0.8548	1
22	60	0.000	0.000	0.7435	0.8396	1
22	92	0.052	0.000	0.7270	0.6823	1
22	146	-71.037	0.000	0.7678	0.6597	1
22	150	-71.037	0.000	0.7972	0.6841	1
22	165	18.010	0.000	0.7074	0.8340	1
22	238	18.011	0.000	0.7064	0.8337	1
22	327	40.042	0.000	0.8072	0.7434	1
22	408	1.032	0.000	0.8340	0.6884	1
22	440	-113.084	0.000	0.7464	0.6972	1
22	443	-113.084	0.000	0.7557	0.8020	1
23	38	-11.964	0.000	0.7953	0.7624	1
23	42	-97.053	0.000	0.8762	0.7163	1
23	44	-14.016	0.000	0.8492	0.5992	1
23	45	-14.016	0.000	0.9572	0.9253	1
23	54	-99.069	0.000	0.8603	0.7669	1
23	58	-63.995	0.000	0.8933	0.8229	1
23	85	-48.000	0.000	0.9473	0.8634	1
23	89	-111.068	0.000	0.8485	0.7046	1
23	105	-14.016	0.000	0.8852	0.8809	1
23	121	-48.000	0.000	0.9506	0.8899	1
23	145	-14.016	0.000	0.9016	0.9055	1
23	176	-69.995	0.000	0.7519	0.5652	1
23	179	-48.000	0.000	0.9353	0.8520	1
23	247	-127.100	0.000	0.7052	0.5882	1
23	490	-12.984	0.000	0.7561	0.6561	1
24	113	-112.136	0.000	0.7445	0.4546	1
29	60	-0.049	0.000	0.7555	0.7757	1
29	92	0.003	0.000	0.7463	0.6778	1
29	150	-71.086	0.000	0.8053	0.6321	1
29	165	17.961	0.000	0.7139	0.7429	1
29	238	17.961	0.000	0.7069	0.7198	1
29	327	39.993	0.000	0.7840	0.6223	1
29	408	0.982	0.000	0.8288	0.6247	1
29	440	-113.133	0.000	0.7578	0.6761	1
29	443	-113.133	0.000	0.7771	0.7532	1
31	68	-14.072	0.000	0.7761	0.7986	1
31	95	-63.995	0.000	0.9173	0.7691	1
31	100	-14.016	0.000	0.9684	0.8226	1
31	125	27.995	0.000	0.8269	0.6573	1
31	206	-48.000	0.000	0.9485	0.7848	1
31	250	-1.998	0.000	0.9219	0.6968	1
31	309	14.955	0.000	0.7183	0.6037	1
31	330	-34.021	0.000	0.8684	0.5671	1
31	338	-112.137	0.000	0.7301	0.6382	1
31	356	15.958	0.000	0.9159	0.7609	1
31	397	-69.094	0.000	0.8282	0.7692	1
31	501	-69.094	0.000	0.8478	0.7514	1
31	529	15.958	0.000	0.7655	0.7271	1
33	36	45.058	0.000	0.8752	0.7021	1
37	329	-60.987	0.000	0.8051	0.5228	1
37	611	-24.984	0.000	0.7252	0.5443	1
38	45	-2.052	0.000	0.7823	0.8737	1
38	58	-52.031	0.000	0.7857	0.8531	1
38	85	-36.036	0.000	0.7885	0.7357	1
38	105	-2.052	0.000	0.7304	0.7773	1
38	121	-36.036	0.000	0.8063	0.7814	1
38	145	-2.052	0.000	0.7399	0.7598	1
38	179	-36.036	0.000	0.8028	0.7856	1
38	490	-1.020	0.000	0.7883	0.7217	1
41	42	-185.116	0.000	0.7192	0.6270	1
41	43	11.005	0.000	0.7224	0.5325	1
41	56	-1.008	0.000	0.7263	0.8729	1
41	86	-199.132	0.000	0.7213	0.5503	1
42	44	83.037	0.000	0.8375	0.6197	1
42	45	83.037	0.000	0.8174	0.7080	1
42	54	-2.016	0.000	0.9137	0.8210	1
42	58	33.058	0.000	0.7965	0.6130	1
42	85	49.053	0.000	0.8329	0.7451	1
42	89	-14.016	0.000	0.9731	0.8805	1
42	105	83.037	0.000	0.7905	0.6232	1
42	121	49.053	0.000	0.8070	0.6803	1
42	124	-66.011	0.000	0.9164	0.7795	1
42	135	27.058	0.000	0.7727	0.5187	1
42	145	83.037	0.000	0.7893	0.6215	1
42	179	49.053	0.000	0.8088	0.5969	1
42	270	-69.994	0.000	0.8133	0.4710	1
42	292	59.048	0.000	0.7645	0.4816	1
42	370	57.033	0.000	0.7320	0.4992	1
42	449	43.017	0.000	0.7206	0.4953	1
42	490	84.069	0.000	0.7166	0.5772	1
43	145	-113.084	0.000	0.7100	0.4403	1
44	45	0.000	0.000	0.8510	0.6155	1
44	54	-85.053	0.000	0.7212	0.6046	1
44	58	-49.979	0.000	0.7624	0.5078	1
44	85	-33.984	0.000	0.8566	0.6381	1
44	89	-97.052	0.000	0.8150	0.5631	1
44	105	0.000	0.000	0.7420	0.5184	1
44	121	-33.984	0.000	0.8414	0.5618	1
44	145	0.000	0.000	0.7461	0.5185	1
44	179	-33.984	0.000	0.8010	0.4995	1
44	247	-113.084	0.000	0.8046	0.5490	1
44	249	-113.084	0.000	0.7898	0.5781	1
44	297	-38.004	0.000	0.7984	0.6637	1
44	304	-69.994	0.000	0.7514	0.6550	1
44	343	-147.068	0.000	0.7305	0.5022	1
44	352	-214.132	0.000	0.7066	0.5320	1
44	441	-104.015	0.000	0.7069	0.5368	1
44	452	-113.084	0.000	0.8041	0.5643	1
44	478	-147.068	0.000	0.7335	0.4742	1
44	490	1.032	0.000	0.7085	0.5183	1
45	54	-85.053	0.000	0.7838	0.7566	1
45	58	-49.979	0.000	0.8035	0.8301	1
45	85	-33.984	0.000	0.9624	0.8557	1
45	89	-97.053	0.000	0.8301	0.7300	1
45	105	-0.000	0.000	0.7706	0.8214	1
45	121	-33.984	0.000	0.9664	0.9101	1
45	145	-0.000	0.000	0.7836	0.8448	1
45	179	-33.984	0.000	0.8522	0.8331	1
45	247	-113.084	0.000	0.8920	0.7575	1
45	249	-113.084	0.000	0.8478	0.7360	1
45	297	-38.005	0.000	0.7313	0.5161	1
45	342	-147.069	0.000	0.7377	0.6022	1
45	343	-147.069	0.000	0.7296	0.5350	1
45	452	-113.084	0.000	0.8225	0.7112	1
45	453	-113.084	0.000	0.8385	0.6981	1
45	478	-147.069	0.000	0.7442	0.5719	1
45	490	1.031	0.000	0.7209	0.7644	1
45	592	17.001	0.000	0.7100	0.4944	1
46	173	-69.058	0.000	0.7469	0.7488	1
49	53	-101.047	0.000	0.8848	0.6647	1
49	59	-129.042	0.000	0.8150	0.5467	1
49	314	-97.049	0.000	0.7526	0.4885	1
50	56	1.992	0.000	0.7485	0.4441	1
50	97	-63.995	0.000	0.9439	0.6583	1
50	171	-28.031	0.000	0.9787	0.8607	1
50	280	-42.047	0.000	0.8976	0.7528	1
50	330	-92.026	0.000	0.8271	0.4784	1
50	356	-42.047	0.000	0.9596	0.8362	1
50	397	-127.100	0.000	0.7361	0.4810	1
50	448	-99.069	0.000	0.7463	0.5332	1
50	501	-127.100	0.000	0.7337	0.4716	1
50	529	-42.047	0.000	0.7198	0.5724	1
50	557	-76.031	0.000	0.9000	0.7067	1
51	65	15.995	0.000	0.7767	0.7758	1
51	79	-79.063	0.000	0.7668	0.4483	1
51	88	-21.058	0.000	0.7894	0.5296	1
51	113	49.979	0.000	0.9734	0.8460	1
51	157	15.995	0.000	0.9891	0.8983	1
51	268	-99.069	0.000	0.7348	0.5633	1
51	315	-113.084	0.000	0.8443	0.6259	1
51	366	-293.159	0.000	0.7160	0.3468	1
51	375	-63.105	0.000	0.7747	0.5119	1
53	57	33.987	0.000	0.7269	0.5035	1
53	59	-27.996	0.000	0.9116	0.7418	1
53	93	17.956	0.000	0.7804	0.6682	1
53	125	31.971	0.000	0.7302	0.6418	1
53	174	-16.028	0.000	0.7883	0.5995	1
53	486	-46.021	0.000	0.8993	0.6908	1
53	548	-12.036	0.000	0.7459	0.6392	1
54	56	186.124	0.000	0.7108	0.6678	1
54	85	51.069	0.000	0.7628	0.7259	1
54	89	-12.000	0.000	0.7156	0.7057	1
54	121	51.069	0.000	0.7538	0.7136	1
54	124	-63.995	0.000	0.9172	0.7912	1
54	295	-41.999	0.000	0.7469	0.5284	1
54	349	-113.036	0.000	0.7108	0.5929	1
54	360	-38.004	0.000	0.7468	0.5072	1
57	125	-2.016	0.000	0.8930	0.7957	1
57	174	-50.016	0.000	0.9366	0.7496	1
57	254	-62.016	0.000	0.7066	0.6643	1
57	278	-29.993	0.000	0.7306	0.4924	1
57	556	-12.036	0.000	0.9318	0.6969	1
58	85	15.995	0.000	0.8184	0.7788	1
58	89	-47.073	0.000	0.8114	0.6602	1
58	105	49.979	0.000	0.9607	0.8935	1
58	121	15.995	0.000	0.8335	0.8673	1
58	145	49.979	0.000	0.9565	0.8795	1
58	179	15.995	0.000	0.9602	0.9149	1
58	254	59.047	0.000	0.7038	0.3809	1
58	345	-113.084	0.000	0.7338	0.7010	1
58	409	-40.020	0.000	0.7376	0.4639	1
58	490	51.011	0.000	0.7751	0.6817	1
59	206	-16.028	0.000	0.7790	0.5432	1
59	486	-18.026	0.000	0.8951	0.7391	1
59	548	15.959	0.000	0.7135	0.6468	1
60	90	-129.043	0.000	0.8436	0.7780	1
60	92	0.052	0.000	0.9439	0.7086	1
60	103	0.054	0.000	0.8638	0.6235	1
60	146	-71.037	0.000	0.7542	0.6555	1
60	150	-71.037	0.000	0.7761	0.6739	1
60	165	18.010	0.000	0.8573	0.9177	1
60	231	36.011	0.000	0.7640	0.5845	1
60	238	18.011	0.000	0.8302	0.7668	1
60	280	37.990	0.000	0.8587	0.6238	1
60	294	40.006	0.000	0.8951	0.5739	1
60	356	37.990	0.000	0.8690	0.5352	1
60	376	36.011	0.000	0.7818	0.5764	1
60	393	23.975	0.000	0.9009	0.5703	1
60	408	1.032	0.000	0.8499	0.7135	1
60	411	-26.005	0.000	0.8453	0.5792	1
60	440	-113.084	0.000	0.7687	0.7890	1
60	443	-113.084	0.000	0.8408	0.8347	1
60	487	-26.005	0.000	0.8366	0.5352	1
60	489	-10.010	0.000	0.8743	0.5660	1
60	497	40.006	0.000	0.8870	0.6179	1
60	516	12.011	0.000	0.8287	0.6157	1
60	529	37.990	0.000	0.7494	0.5999	1
60	544	12.011	0.000	0.8134	0.6705	1
60	594	23.974	0.000	0.8955	0.5816	1
60	619	-10.009	0.000	0.8904	0.6786	1
62	63	178.121	0.000	0.8171	0.7133	1
62	89	-28.006	0.000	0.8590	0.6289	1
62	149	-97.053	0.000	0.7749	0.5246	1
62	212	71.073	0.000	0.8376	0.5686	1
62	222	-0.948	0.000	0.8572	0.6802	1
62	297	31.042	0.000	0.7123	0.6490	1
62	305	-50.016	0.000	0.7971	0.6472	1
62	306	-50.016	0.000	0.9379	0.8367	1
62	338	-2.016	0.000	0.7046	0.6472	1
62	414	31.042	0.000	0.7255	0.5903	1
62	543	15.011	0.000	0.8756	0.7923	1
62	570	15.011	0.000	0.8604	0.7326	1
62	572	-82.042	0.000	0.7573	0.5924	1
62	591	-82.043	0.000	0.8233	0.6204	1
62	613	15.011	0.000	0.8754	0.7923	1
63	153	-24.989	0.000	0.7314	0.5132	1
64	78	-14.016	0.000	0.7968	0.7982	1
64	134	-63.995	0.000	0.7543	0.5138	1
64	201	-14.016	0.000	0.9851	0.9305	1
64	262	-14.016	0.000	0.9820	0.9019	1
64	293	-48.000	0.000	0.9451	0.7924	1
64	301	-10.021	0.000	0.7111	0.8169	1
64	433	-113.084	0.000	0.7175	0.5969	1
64	573	-60.037	0.000	0.7770	0.7306	1
65	113	33.984	0.000	0.7947	0.8016	1
65	157	-0.000	0.000	0.7836	0.8071	1
65	206	-0.948	0.000	0.7431	0.8247	1
65	305	-113.084	0.000	0.8535	0.6392	1
65	306	-113.084	0.000	0.8096	0.5677	1
66	88	15.995	0.000	0.7252	0.4541	1
66	181	-14.016	0.000	0.9748	0.8852	1
66	268	-62.016	0.000	0.9114	0.7686	1
66	275	-12.036	0.000	0.7459	0.4895	1
66	340	-12.036	0.000	0.7989	0.5828	1
67	92	-33.990	0.000	0.7074	0.5204	1
67	96	-2.016	0.000	0.9374	0.8314	1
67	103	-33.988	0.000	0.7393	0.5162	1
67	118	-66.011	0.000	0.9266	0.6988	1
67	165	-16.031	0.000	0.9504	0.8293	1
67	238	-16.031	0.000	0.9638	0.8748	1
67	261	-131.095	0.000	0.7391	0.5074	1
67	392	37.990	0.000	0.7302	0.6384	1
67	510	23.975	0.000	0.8099	0.6105	1
67	538	23.975	0.000	0.8079	0.6712	1
67	555	-10.010	0.000	0.7998	0.7586	1
67	577	-10.010	0.000	0.8052	0.6858	1
68	93	28.051	0.000	0.7003	0.7445	1
68	95	-49.923	0.000	0.7375	0.6054	1
68	100	0.056	0.000	0.7189	0.5715	1
68	206	-33.928	0.000	0.7259	0.5940	1
68	375	-112.081	0.000	0.7137	0.6261	1
71	75	1.003	0.000	0.7374	0.5063	1
71	81	-183.129	0.000	0.9212	0.9703	1
71	162	1.003	0.000	0.7241	0.6734	1
74	75	-17.027	0.000	0.7655	0.6901	1
74	186	15.995	0.000	0.8979	0.8550	1
74	466	-11.016	0.000	0.8847	0.7139	1
75	97	-71.037	0.000	0.8388	0.7266	1
75	130	-57.021	0.000	0.8819	0.7689	1
75	162	-0.000	0.000	0.9112	0.7727	1
75	192	15.995	0.000	0.8802	0.9143	1
75	321	15.995	0.000	0.8593	0.8152	1
75	416	15.995	0.000	0.8575	0.8852	1
75	460	-147.068	0.000	0.7217	0.4306	1
78	231	-14.016	0.000	0.7973	0.8868	1
78	376	-14.016	0.000	0.7743	0.8868	1
78	428	-141.079	0.000	0.7026	0.5553	1
78	439	-113.084	0.000	0.7457	0.5805	1
79	88	58.005	0.000	0.9350	0.6791	1
79	113	129.042	0.000	0.8056	0.5978	1
79	157	95.058	0.000	0.8042	0.4839	1
79	181	27.995	0.000	0.7290	0.5266	1
79	275	29.974	0.000	0.8108	0.5630	1
79	315	-34.021	0.000	0.8036	0.5340	1
79	340	29.974	0.000	0.7529	0.5423	1
79	366	-214.096	0.000	0.7224	0.4043	1
79	375	15.958	0.000	0.9473	0.7283	1
79	403	146.105	0.000	0.7018	0.4861	1
80	83	0.044	0.000	0.9849	0.9594	1
80	98	87.076	0.000	0.7325	0.5177	1
80	183	53.092	0.000	0.7216	0.6153	1
80	229	-21.010	0.000	0.7658	0.6604	1
80	318	16.039	0.000	0.7284	0.6974	1
80	450	16.008	0.000	0.7237	0.7760	1
82	83	-17.993	0.000	0.7367	0.6206	1
82	128	58.005	0.000	0.9277	0.8238	1
82	135	3.995	0.000	0.7551	0.6715	1
82	184	-14.016	0.000	0.9088	0.7586	1
82	252	-12.036	0.000	0.7944	0.7425	1
82	312	-34.021	0.000	0.9649	0.8448	1
82	318	-1.998	0.000	0.9485	0.8324	1
82	450	-2.029	0.000	0.8829	0.6821	1
83	98	87.032	0.000	0.7730	0.5459	1
83	183	53.048	0.000	0.7513	0.6179	1
83	229	-21.054	0.000	0.7740	0.6933	1
83	312	-16.028	0.000	0.7280	0.6894	1
83	318	15.995	0.000	0.7660	0.7436	1
83	450	15.964	0.000	0.7318	0.7328	1
85	89	-63.068	0.000	0.8088	0.6871	1
85	105	33.984	0.000	0.7668	0.7549	1
85	121	0.000	0.000	0.9743	0.8522	1
85	124	-115.064	0.000	0.7186	0.6517	1
85	145	33.984	0.000	0.7870	0.7703	1
85	179	-0.000	0.000	0.8684	0.7547	1
85	342	-113.084	0.000	0.8347	0.6501	1
85	490	35.016	0.000	0.7353	0.6928	1
85	508	-6.963	0.000	0.7304	0.6570	1
86	249	-16.031	0.000	0.8347	0.6741	1
86	452	-16.031	0.000	0.7949	0.6204	1
88	113	71.037	0.000	0.8140	0.6838	1
88	157	37.052	0.000	0.7942	0.5296	1
88	275	-28.031	0.000	0.8265	0.5465	1
88	315	-92.027	0.000	0.8028	0.5082	1
88	340	-28.032	0.000	0.7560	0.4575	1
88	366	-272.101	0.000	0.7260	0.3504	1
88	375	-42.047	0.000	0.9679	0.8287	1
88	403	88.100	0.000	0.7283	0.5921	1
89	105	97.053	0.000	0.8090	0.6919	1
89	121	63.068	0.000	0.7929	0.6609	1
89	145	97.052	0.000	0.8120	0.6919	1
89	149	-69.047	0.000	0.7293	0.5470	1
89	179	63.068	0.000	0.8119	0.6454	1
89	212	99.080	0.000	0.7281	0.4529	1
89	222	27.059	0.000	0.7552	0.5620	1
89	247	-16.031	0.000	0.8989	0.8084	1
89	249	-16.031	0.000	0.7526	0.6530	1
89	342	-50.016	0.000	0.8461	0.7174	1
89	490	98.084	0.000	0.7225	0.6618	1
89	543	43.017	0.000	0.7479	0.5701	1
89	570	43.017	0.000	0.7353	0.5091	1
89	572	-54.036	0.000	0.7349	0.4917	1
89	591	-54.036	0.000	0.8471	0.5779	1
89	613	43.017	0.000	0.7460	0.5387	1
90	92	129.094	0.000	0.7961	0.6427	1
90	103	129.096	0.000	0.7274	0.5620	1
90	150	58.005	0.000	0.7344	0.6075	1
90	165	147.053	0.000	0.8293	0.7214	1
90	185	31.990	0.000	0.7502	0.6769	1
90	222	40.006	0.000	0.8831	0.6520	1
90	238	147.053	0.000	0.8026	0.6852	1
90	252	37.991	0.000	0.7372	0.6341	1
90	344	-26.005	0.000	0.8840	0.7358	1
90	440	15.959	0.000	0.7547	0.7049	1
90	443	15.958	0.000	0.8249	0.7352	1
90	454	-10.009	0.000	0.8246	0.5985	1
90	495	-81.095	0.000	0.8827	0.7813	1
92	96	31.974	0.000	0.7033	0.5612	1
92	103	0.002	0.000	0.9437	0.8658	1
92	118	-32.021	0.000	0.7213	0.6078	1
92	146	-71.089	0.000	0.7249	0.5288	1
92	150	-71.089	0.000	0.7532	0.5895	1
92	165	17.959	0.000	0.8126	0.7086	1
92	238	17.959	0.000	0.7970	0.6101	1
92	280	37.939	0.000	0.8352	0.5360	1
92	356	37.938	0.000	0.8456	0.4456	1
92	408	0.980	0.000	0.8145	0.5907	1
92	411	-26.056	0.000	0.8086	0.4624	1
92	440	-113.136	0.000	0.7226	0.6069	1
92	443	-113.136	0.000	0.8004	0.6823	1
92	487	-26.056	0.000	0.8010	0.4301	1
92	497	39.954	0.000	0.8744	0.5366	1
92	516	11.959	0.000	0.7935	0.5188	1
92	529	37.938	0.000	0.7284	0.5445	1
92	544	11.959	0.000	0.7906	0.5971	1
92	556	39.955	0.000	0.8727	0.5023	1
92	619	-10.061	0.000	0.8481	0.5373	1
93	100	-27.995	0.000	0.9473	0.8386	1
93	125	14.015	0.000	0.8574	0.6340	1
93	174	-33.984	0.000	0.9784	0.7902	1
93	547	-141.079	0.000	0.7199	0.6583	1
93	598	-125.121	0.000	0.8471	0.6685	1
94	263	-14.016	0.000	0.8683	0.7542	1
94	354	-14.016	0.000	0.8122	0.7001	1
94	386	-48.000	0.000	0.7449	0.6603	1
94	428	-113.084	0.000	0.7129	0.5559	1
95	100	49.979	0.000	0.9234	0.7179	1
95	206	15.995	0.000	0.9389	0.7691	1
95	254	31.989	0.000	0.7241	0.7276	1
95	272	-98.121	0.000	0.7174	0.5491	1
95	282	-34.021	0.000	0.9155	0.6212	1
95	386	15.995	0.000	0.7029	0.5281	1
95	411	15.958	0.000	0.9278	0.7208	1
95	413	29.974	0.000	0.9141	0.7146	1
95	463	-18.103	0.000	0.9002	0.6225	1
95	487	15.958	0.000	0.9227	0.7300	1
95	498	-113.084	0.000	0.7385	0.4648	1
96	103	-31.972	0.000	0.7273	0.5270	1
96	118	-63.995	0.000	0.9366	0.7291	1
96	165	-14.016	0.000	0.9688	0.8743	1
96	238	-14.016	0.000	0.9556	0.8358	1
96	392	40.006	0.000	0.7828	0.6287	1
96	597	23.975	0.000	0.7476	0.5754	1
97	130	14.016	0.000	0.9809	0.8593	1
97	234	-28.031	0.000	0.9533	0.7935	1
97	282	-92.026	0.000	0.9364	0.7064	1
97	411	-42.047	0.000	0.9619	0.8218	1
97	413	-28.031	0.000	0.9630	0.8780	1
97	460	-76.031	0.000	0.8608	0.4856	1
97	462	-191.095	0.000	0.8066	0.5525	1
97	463	-76.108	0.000	0.9069	0.6080	1
97	483	-24.037	0.000	0.7192	0.4845	1
97	487	-42.047	0.000	0.9573	0.8004	1
97	551	-76.032	0.000	0.9162	0.6325	1
98	100	17.993	0.000	0.7611	0.6160	1
98	183	-33.984	0.000	0.9586	0.8554	1
98	439	-53.081	0.000	0.7301	0.5604	1
98	592	7.935	0.000	0.7409	0.6279	1
100	131	-260.138	0.000	0.7757	0.5784	1
100	206	-33.984	0.000	0.9742	0.7848	1
100	311	-34.021	0.000	0.9284	0.7249	1
100	327	32.026	0.000	0.7089	0.6844	1
100	329	-1.998	0.000	0.9374	0.7451	1
100	365	-34.021	0.000	0.9212	0.6607	1
100	439	-71.073	0.000	0.7092	0.5210	1
100	547	-113.084	0.000	0.7656	0.6122	1
100	592	-10.057	0.000	0.7176	0.7342	1
100	598	-97.126	0.000	0.8729	0.6513	1
103	118	-32.023	0.000	0.7503	0.5814	1
103	165	17.957	0.000	0.7804	0.6321	1
103	238	17.957	0.000	0.7703	0.5512	1
103	280	37.937	0.000	0.7383	0.3908	1
103	356	37.937	0.000	0.7573	0.3601	1
103	408	0.978	0.000	0.7427	0.5182	1
103	411	-26.058	0.000	0.7534	0.4296	1
103	443	-113.138	0.000	0.7282	0.5499	1
103	487	-26.058	0.000	0.7437	0.3759	1
103	497	39.952	0.000	0.8114	0.4461	1
103	516	11.957	0.000	0.7377	0.4345	1
103	544	11.957	0.000	0.7267	0.4678	1
103	556	39.953	0.000	0.8122	0.4322	1
103	619	-10.063	0.000	0.7732	0.4241	1
105	121	-33.984	0.000	0.7821	0.8504	1
105	145	-0.000	0.000	0.9850	0.9533	1
105	177	-129.042	0.000	0.7881	0.5944	1
105	179	-33.984	0.000	0.9603	0.9234	1
105	297	-38.004	0.000	0.7618	0.4900	1
105	304	-69.994	0.000	0.7879	0.5486	1
105	345	-163.063	0.000	0.7238	0.5394	1
105	414	-38.004	0.000	0.7185	0.5643	1
105	441	-104.015	0.000	0.7460	0.4048	1
105	452	-113.084	0.000	0.7093	0.7542	1
105	453	-113.084	0.000	0.7381	0.6938	1
105	490	1.031	0.000	0.7555	0.6671	1
105	572	-151.089	0.000	0.8014	0.5380	1
105	591	-151.089	0.000	0.7489	0.5337	1
107	334	-48.000	0.000	0.8385	0.6911	1
113	133	-1.951	0.000	0.7098	0.6584	1
113	157	-33.984	0.000	0.9804	0.8808	1
113	275	-99.068	0.000	0.7666	0.5692	1
113	315	-163.063	0.000	0.7937	0.5265	1
113	366	-343.138	0.000	0.7078	0.3757	1
113	375	-113.084	0.000	0.8368	0.7521	1
117	139	-32.021	0.000	0.8860	0.6973	1
117	151	3.995	0.000	0.7157	0.6309	1
117	231	17.956	0.000	0.8512	0.7032	1
117	250	1.979	0.000	0.8582	0.7398	1
117	326	-16.028	0.000	0.8848	0.7263	1
117	329	-12.036	0.000	0.8042	0.6935	1
117	376	17.956	0.000	0.8513	0.6484	1
117	434	-46.021	0.000	0.8311	0.7602	1
118	165	49.980	0.000	0.9464	0.7433	1
118	238	49.980	0.000	0.9382	0.7269	1
118	581	-10.009	0.000	0.7560	0.5771	1
121	124	-115.064	0.000	0.7114	0.6339	1
121	145	33.984	0.000	0.8058	0.8837	1
121	179	-0.000	0.000	0.8836	0.8464	1
121	342	-113.084	0.000	0.8275	0.6501	1
121	412	59.048	0.000	0.7649	0.3998	1
121	490	35.016	0.000	0.7337	0.7099	1
121	508	-6.963	0.000	0.7191	0.6190	1
121	511	-147.069	0.000	0.7171	0.6416	1
122	148	-2.016	0.000	0.8609	0.7608	1
122	248	-16.031	0.000	0.8479	0.6952	1
122	259	-50.016	0.000	0.7876	0.6118	1
123	148	63.995	0.000	0.7032	0.6938	1
123	248	49.979	0.000	0.8371	0.7828	1
123	259	15.995	0.000	0.8812	0.8646	1
124	542	43.017	0.000	0.7078	0.4595	1
125	174	-48.000	0.000	0.8552	0.6689	1
125	189	-101.048	0.000	0.7934	0.4997	1
125	250	-29.993	0.000	0.8439	0.6982	1
125	280	-12.036	0.000	0.9430	0.6944	1
125	309	-13.040	0.000	0.7880	0.6508	1
125	320	-101.048	0.000	0.7999	0.4772	1
125	330	-62.016	0.000	0.7917	0.5509	1
125	356	-12.036	0.000	0.9122	0.7170	1
125	397	-97.089	0.000	0.7932	0.8140	1
125	448	-69.058	0.000	0.8367	0.6033	1
125	496	-111.105	0.000	0.7542	0.7362	1
125	501	-97.089	0.000	0.7791	0.6560	1
125	529	-12.036	0.000	0.9266	0.7353	1
125	583	-40.031	0.000	0.7539	0.6002	1
128	178	14.016	0.000	0.7644	0.6212	1
128	189	-30.011	0.000	0.7267	0.6021	1
128	218	-14.016	0.000	0.9852	0.9295	1
128	312	-92.026	0.000	0.9454	0.8199	1
128	318	-60.003	0.000	0.9467	0.8280	1
128	320	-30.011	0.000	0.7044	0.5882	1
128	388	-46.021	0.000	0.7748	0.5707	1
128	450	-60.034	0.000	0.8515	0.6425	1
130	162	57.021	0.000	0.9130	0.7460	1
130	234	-42.047	0.000	0.9366	0.7364	1
130	282	-106.042	0.000	0.9312	0.7056	1
130	402	-350.220	0.000	0.7516	0.3944	1
130	411	-56.063	0.000	0.9480	0.7588	1
130	413	-42.047	0.000	0.9448	0.7988	1
130	460	-90.047	0.000	0.8665	0.5489	1
130	462	-205.110	0.000	0.7908	0.4691	1
130	463	-90.124	0.000	0.9028	0.6383	1
130	487	-56.063	0.000	0.9382	0.7364	1
130	551	-90.047	0.000	0.9100	0.6362	1
133	252	-98.065	0.000	0.7837	0.5560	1
133	564	-83.110	0.000	0.7273	0.6249	1
134	139	-14.013	0.000	0.7928	0.6596	1
134	201	49.979	0.000	0.7521	0.4796	1
134	262	49.979	0.000	0.7497	0.4796	1
134	293	15.995	0.000	0.8232	0.7889	1
134	307	15.961	0.000	0.7210	0.4861	1
134	330	-12.036	0.000	0.7064	0.6855	1
134	331	-24.000	0.000	0.8585	0.7319	1
134	341	-26.017	0.000	0.7046	0.6810	1
134	365	-26.052	0.000	0.7032	0.6009	1
134	400	-27.055	0.000	0.7103	0.7772	1
135	158	58.006	0.000	0.9653	0.7167	1
135	176	-0.000	0.000	0.7663	0.7375	1
135	222	-14.015	0.000	0.9586	0.7816	1
135	252	-16.031	0.000	0.9428	0.8259	1
135	270	-97.053	0.000	0.7824	0.6933	1
135	292	31.990	0.000	0.9284	0.8060	1
135	301	129.042	0.000	0.8031	0.7346	1
135	304	-14.015	0.000	0.7680	0.7389	1
135	370	29.974	0.000	0.9768	0.8228	1
135	373	-34.021	0.000	0.7959	0.7358	1
135	414	17.974	0.000	0.7341	0.5004	1
135	449	15.958	0.000	0.9660	0.7798	1
135	562	15.958	0.000	0.9429	0.7750	1
135	567	-115.079	0.000	0.8362	0.6841	1
139	231	49.977	0.000	0.8922	0.7334	1
139	282	-62.018	0.000	0.7509	0.6300	1
139	311	-12.039	0.000	0.8373	0.7646	1
139	326	15.993	0.000	0.9345	0.9151	1
139	330	1.977	0.000	0.8622	0.6725	1
139	331	-9.987	0.000	0.8498	0.8047	1
139	341	-12.003	0.000	0.8793	0.7590	1
139	365	-12.039	0.000	0.8953	0.7781	1
139	376	49.977	0.000	0.8959	0.7334	1
139	401	-46.023	0.000	0.8602	0.7412	1
139	508	-46.023	0.000	0.8496	0.7412	1
140	148	-17.065	0.000	0.7882	0.7277	1
140	327	-18.013	0.000	0.8163	0.6733	1
140	538	-0.039	0.000	0.7448	0.7184	1
140	575	-131.099	0.000	0.7239	0.5806	1
140	597	-2.055	0.000	0.7005	0.6667	1
142	154	66.011	0.000	0.8288	0.4975	1
142	159	65.007	0.000	0.7757	0.5345	1
142	175	63.995	0.000	0.9311	0.7321	1
142	287	49.979	0.000	0.9372	0.7821	1
142	288	15.995	0.000	0.9438	0.8039	1
145	177	-129.042	0.000	0.7883	0.6304	1
145	179	-33.984	0.000	0.9637	0.9123	1
145	297	-38.004	0.000	0.7295	0.4597	1
145	304	-69.994	0.000	0.7555	0.5088	1
145	345	-163.063	0.000	0.7244	0.5824	1
145	414	-38.004	0.000	0.7049	0.5297	1
145	452	-113.084	0.000	0.7085	0.7125	1
145	453	-113.084	0.000	0.7467	0.7113	1
145	490	1.032	0.000	0.7660	0.6561	1
145	572	-151.089	0.000	0.7700	0.4969	1
145	591	-151.089	0.000	0.7238	0.4974	1
146	150	0.000	0.000	0.7131	0.4605	1
146	440	-42.047	0.000	0.8981	0.6802	1
146	443	-42.047	0.000	0.7049	0.5497	1
148	152	0.516	0.000	0.8080	0.7286	1
148	248	-14.015	0.000	0.8902	0.8151	1
148	259	-48.000	0.000	0.7683	0.7471	1
149	222	96.106	0.000	0.7102	0.4706	1
149	258	97.090	0.000	0.7184	0.6553	1
149	297	128.095	0.000	0.8827	0.6223	1
149	304	96.106	0.000	0.8459	0.7030	1
149	441	62.085	0.000	0.8188	0.6224	1
149	473	-99.032	0.000	0.7973	0.7486	1
149	543	112.064	0.000	0.7081	0.4740	1
149	570	112.064	0.000	0.7311	0.5399	1
149	572	15.011	0.000	0.9167	0.7144	1
149	575	112.099	0.000	0.7475	0.6363	1
149	591	15.011	0.000	0.8554	0.6536	1
149	613	112.064	0.000	0.7196	0.5516	1
150	165	89.048	0.000	0.7674	0.6389	1
150	185	-26.016	0.000	0.9194	0.8828	1
150	238	89.048	0.000	0.7497	0.5472	1
150	261	-26.016	0.000	0.7527	0.7784	1
150	440	-42.047	0.000	0.8261	0.6978	1
150	443	-42.047	0.000	0.9496	0.8642	1
150	477	-173.084	0.000	0.7080	0.6227	1
151	172	-32.023	0.000	0.9816	0.7423	1
151	250	-2.016	0.000	0.9141	0.8695	1
151	276	-97.070	0.000	0.7951	0.6067	1
151	278	0.000	0.000	0.7717	0.5879	1
151	285	-0.018	0.000	0.7179	0.5837	1
151	286	16.953	0.000	0.7760	0.5693	1
151	329	-16.031	0.000	0.9393	0.7628	1
151	370	-67.096	0.000	0.7538	0.7402	1
151	371	-16.028	0.000	0.9811	0.7424	1
151	406	-111.086	0.000	0.7714	0.4864	1
151	414	-79.096	0.000	0.7926	0.5062	1
151	425	16.953	0.000	0.7743	0.5201	1
151	434	-50.016	0.000	0.9534	0.7875	1
151	497	17.956	0.000	0.9380	0.7379	1
151	556	17.957	0.000	0.9442	0.7286	1
151	562	-81.112	0.000	0.7286	0.5094	1
154	159	-1.004	0.000	0.9280	0.7909	1
154	175	-2.016	0.000	0.9000	0.6844	1
154	287	-16.031	0.000	0.8956	0.6818	1
154	288	-50.016	0.000	0.8722	0.6133	1
155	176	128.095	0.000	0.8284	0.7322	1
155	270	31.042	0.000	0.7928	0.4866	1
155	304	114.080	0.000	0.7792	0.5614	1
156	174	-14.016	0.000	0.9711	0.7664	1
156	192	87.032	0.000	0.9554	0.7643	1
156	243	15.995	0.000	0.9871	0.8010	1
156	382	-12.036	0.000	0.9724	0.8231	1
156	401	-76.031	0.000	0.9408	0.7162	1
156	508	-76.032	0.000	0.9192	0.6159	1
156	573	-12.037	0.000	0.9688	0.7824	1
156	580	-97.089	0.000	0.7302	0.4370	1
156	608	-159.105	0.000	0.8677	0.6618	1
156	619	-26.052	0.000	0.9674	0.7904	1
156	626	-60.036	0.000	0.9766	0.8245	1
157	315	-129.079	0.000	0.7979	0.4977	1
157	366	-309.153	0.000	0.7238	0.3660	1
157	375	-79.100	0.000	0.7857	0.5393	1
158	276	-58.005	0.000	0.7923	0.4565	1
158	292	-26.016	0.000	0.8918	0.6365	1
158	370	-28.031	0.000	0.9800	0.8287	1
158	562	-42.047	0.000	0.9573	0.7033	1
159	175	-1.012	0.000	0.8322	0.7170	1
159	287	-15.028	0.000	0.8214	0.6866	1
159	288	-49.012	0.000	0.8052	0.6500	1
160	499	-42.047	0.000	0.8657	0.7465	1
161	319	-14.016	0.000	0.7915	0.5385	1
162	192	15.995	0.000	0.8935	0.7580	1
162	282	-163.063	0.000	0.8494	0.5737	1
162	321	15.995	0.000	0.8760	0.6838	1
162	411	-113.084	0.000	0.8619	0.6135	1
162	416	15.995	0.000	0.8765	0.7416	1
162	460	-147.068	0.000	0.8246	0.5177	1
164	397	117.079	0.000	0.7833	0.8216	1
164	501	117.079	0.000	0.8082	0.7723	1
165	185	-115.063	0.000	0.7331	0.6813	1
165	238	0.000	0.000	0.9683	0.8619	1
165	264	50.027	0.000	0.7008	0.6030	1
165	440	-131.094	0.000	0.7322	0.6098	1
165	443	-131.095	0.000	0.8056	0.7585	1
165	483	-26.004	0.000	0.7753	0.6776	1
165	538	40.006	0.000	0.7782	0.6637	1
165	597	37.990	0.000	0.8232	0.6631	1
165	611	24.011	0.000	0.7512	0.6544	1
165	633	-10.010	0.000	0.8284	0.6517	1
168	373	179.058	0.000	0.8963	0.5778	1
168	441	165.042	0.000	0.8870	0.5121	1
171	280	-14.016	0.000	0.9188	0.7262	1
171	356	-14.016	0.000	0.9733	0.8362	1
171	557	-48.000	0.000	0.9295	0.7067	1
172	278	32.023	0.000	0.7760	0.6294	1
172	285	32.005	0.000	0.7245	0.6437	1
172	286	48.976	0.000	0.7846	0.5517	1
172	301	63.995	0.000	0.9826	0.8410	1
172	330	-2.016	0.000	0.8659	0.6234	1
172	341	-15.996	0.000	0.9191	0.6944	1
172	365	-16.031	0.000	0.9271	0.7344	1
172	401	-50.015	0.000	0.9527	0.7473	1
172	441	-113.084	0.000	0.7245	0.4251	1
172	497	49.979	0.000	0.9417	0.6596	1
174	183	-45.988	0.000	0.7099	0.5898	1
174	206	-27.995	0.000	0.9674	0.7648	1
174	305	-140.131	0.000	0.7636	0.6771	1
174	382	1.979	0.000	0.9650	0.7367	1
174	401	-62.016	0.000	0.9526	0.7367	1
174	412	3.995	0.000	0.7500	0.7457	1
174	434	-29.993	0.000	0.9533	0.6998	1
174	489	-12.037	0.000	0.9488	0.7149	1
174	508	-62.016	0.000	0.9303	0.6686	1
174	563	-46.021	0.000	0.9694	0.6875	1
174	573	1.979	0.000	0.9641	0.7557	1
174	577	22.005	0.000	0.7288	0.6968	1
174	619	-12.036	0.000	0.9643	0.7339	1
174	626	-46.021	0.000	0.9686	0.6875	1
174	633	5.974	0.000	0.7454	0.4956	1
175	287	-14.016	0.000	0.9847	0.9239	1
175	288	-48.000	0.000	0.9692	0.8777	1
176	222	-14.015	0.000	0.7270	0.5544	1
176	252	-16.031	0.000	0.7582	0.8177	1
176	270	-97.052	0.000	0.9423	0.6724	1
176	292	31.990	0.000	0.7119	0.7239	1
176	301	129.043	0.000	0.7290	0.6781	1
176	304	-14.015	0.000	0.9752	0.8303	1
176	370	29.975	0.000	0.7390	0.7090	1
176	373	-34.021	0.000	0.9571	0.7794	1
176	379	-32.008	0.000	0.7070	0.4393	1
176	449	15.959	0.000	0.7095	0.5441	1
176	562	15.959	0.000	0.8341	0.7529	1
176	567	-115.078	0.000	0.8867	0.7812	1
177	242	-33.985	0.000	0.9662	0.9073	1
177	345	-34.021	0.000	0.8946	0.7768	1
177	453	15.958	0.000	0.7046	0.7075	1
178	189	-44.026	0.000	0.9627	0.8200	1
178	201	57.021	0.000	0.7945	0.7750	1
178	212	-10.021	0.000	0.7554	0.7036	1
178	262	57.021	0.000	0.7824	0.7557	1
178	264	75.032	0.000	0.7990	0.7299	1
178	320	-44.027	0.000	0.9591	0.7799	1
178	332	-44.009	0.000	0.8378	0.6473	1
178	433	-42.047	0.000	0.7789	0.5531	1
178	461	-313.211	0.000	0.7587	0.4290	1
178	504	-56.063	0.000	0.9726	0.8606	1
179	242	-129.042	0.000	0.7728	0.6281	1
179	342	-113.084	0.000	0.7297	0.6618	1
179	490	35.016	0.000	0.8033	0.7311	1
179	511	-147.069	0.000	0.8304	0.7462	1
179	588	-54.036	0.000	0.7037	0.3464	1
180	452	-206.158	0.000	0.7132	0.5592	1
181	275	1.979	0.000	0.8760	0.6425	1
181	315	-62.016	0.000	0.8430	0.6716	1
181	340	1.979	0.000	0.9317	0.7416	1
181	375	-12.037	0.000	0.8613	0.6674	1
182	249	-12.036	0.000	0.7281	0.5610	1
182	346	-113.084	0.000	0.8131	0.7354	1
182	452	-12.037	0.000	0.7611	0.5801	1
182	453	-12.037	0.000	0.8431	0.7047	1
183	206	17.993	0.000	0.7431	0.6199	1
183	326	45.988	0.000	0.7012	0.5982	1
183	386	17.992	0.000	0.7165	0.6252	1
183	434	15.995	0.000	0.7248	0.6504	1
184	218	58.005	0.000	0.8573	0.6348	1
184	252	1.979	0.000	0.7636	0.6543	1
184	344	-62.016	0.000	0.7100	0.5876	1
184	454	-46.021	0.000	0.7574	0.6584	1
185	261	-0.000	0.000	0.7744	0.7466	1
185	297	40.006	0.000	0.7242	0.5758	1
185	440	-16.031	0.000	0.7634	0.6901	1
185	443	-16.031	0.000	0.9088	0.8011	1
185	477	-147.069	0.000	0.8791	0.8422	1
185	495	-113.084	0.000	0.8020	0.7298	1
186	192	-17.027	0.000	0.7580	0.7822	1
186	528	28.979	0.000	0.7041	0.6556	1
187	220	-63.995	0.000	0.9397	0.8689	1
187	276	3.995	0.000	0.7217	0.6186	1
187	333	-14.016	0.000	0.9533	0.9079	1
187	439	15.959	0.000	0.7141	0.7279	1
189	201	101.048	0.000	0.7297	0.6739	1
189	262	101.048	0.000	0.7244	0.7073	1
189	264	119.058	0.000	0.7483	0.6739	1
189	320	-0.000	0.000	0.9899	0.9341	1
189	433	1.979	0.000	0.8063	0.6551	1
189	461	-269.185	0.000	0.8216	0.5839	1
189	504	-12.036	0.000	0.9825	0.8828	1
191	200	44.026	0.000	0.8343	0.6612	1
191	276	-27.995	0.000	0.7675	0.6456	1
191	370	1.979	0.000	0.7796	0.6826	1
191	409	-62.016	0.000	0.9074	0.7034	1
191	415	-99.069	0.000	0.7870	0.7674	1
191	439	-16.031	0.000	0.7615	0.5459	1
191	545	-111.105	0.000	0.8143	0.5422	1
192	321	0.000	0.000	0.9896	0.8638	1
192	382	-99.068	0.000	0.9302	0.6779	1
192	416	0.000	0.000	0.9902	0.9020	1
197	444	15.996	0.000	0.7984	0.6639	1
200	213	-107.533	0.000	0.7119	0.3127	1
200	276	-72.021	0.000	0.8060	0.5405	1
200	336	-14.016	0.000	0.9625	0.7598	1
200	370	-42.047	0.000	0.9161	0.7871	1
200	409	-106.042	0.000	0.7597	0.5518	1
201	217	-24.000	0.000	0.8860	0.7220	1
201	231	-14.016	0.000	0.9158	0.7699	1
201	262	0.000	0.000	0.9919	0.9365	1
201	264	18.011	0.000	0.8647	0.7299	1
201	277	-24.000	0.000	0.9419	0.7510	1
201	293	-33.984	0.000	0.9575	0.8089	1
201	320	-101.048	0.000	0.7513	0.6533	1
201	376	-14.016	0.000	0.8786	0.7322	1
201	403	-24.000	0.000	0.7626	0.6687	1
201	433	-99.068	0.000	0.7242	0.5104	1
201	458	-24.000	0.000	0.9309	0.8312	1
201	492	-24.000	0.000	0.9575	0.7999	1
201	504	-113.084	0.000	0.7202	0.6763	1
204	299	18.011	0.000	0.8714	0.8488	1
205	209	15.005	0.000	0.7489	0.6167	1
206	305	-112.136	0.000	0.7717	0.5372	1
206	401	-34.021	0.000	0.9417	0.6962	1
206	434	-1.998	0.000	0.9465	0.6922	1
206	489	15.958	0.000	0.9335	0.6929	1
206	508	-34.021	0.000	0.9236	0.6843	1
208	350	-14.016	0.000	0.9260	0.8391	1
212	222	-72.021	0.000	0.9607	0.7544	1
212	278	39.065	0.000	0.7001	0.4857	1
212	294	57.021	0.000	0.8370	0.7540	1
212	297	-40.031	0.000	0.7353	0.6121	1
212	332	-33.988	0.000	0.7574	0.5505	1
212	414	-40.031	0.000	0.8047	0.5726	1
212	441	-106.042	0.000	0.7328	0.4628	1
212	497	57.021	0.000	0.8433	0.7210	1
212	540	-397.294	0.000	0.7647	0.5843	1
212	543	-56.063	0.000	0.9769	0.8585	1
212	553	-57.066	0.000	0.7753	0.4915	1
212	556	57.022	0.000	0.8401	0.6992	1
212	570	-56.063	0.000	0.9730	0.7775	1
212	591	-153.116	0.000	0.7729	0.5374	1
212	613	-56.063	0.000	0.9790	0.8611	1
213	424	-107.066	0.000	0.7419	0.5513	1
217	225	16.031	0.000	0.8824	0.7169	1
217	231	9.984	0.000	0.7951	0.6149	1
217	248	0.948	0.000	0.7020	0.6230	1
217	262	24.000	0.000	0.8783	0.6925	1
217	263	-18.011	0.000	0.8779	0.7421	1
217	277	0.000	0.000	0.9107	0.7975	1
217	319	-0.000	0.000	0.7714	0.8230	1
217	331	-49.979	0.000	0.7836	0.6455	1
217	354	-18.011	0.000	0.7877	0.6695	1
217	376	9.984	0.000	0.7734	0.6862	1
217	403	-0.000	0.000	0.8550	0.6710	1
217	458	-0.000	0.000	0.9396	0.7642	1
217	492	-0.000	0.000	0.8969	0.7535	1
217	493	-242.127	0.000	0.7479	0.6319	1
217	512	-131.095	0.000	0.7915	0.6032	1
217	531	-33.985	0.000	0.8378	0.6553	1
217	614	-113.084	0.000	0.8374	0.7032	1
218	231	71.037	0.000	0.7090	0.7668	1
220	312	29.974	0.000	0.8645	0.8019	1
220	333	49.979	0.000	0.9672	0.9088	1
222	252	-2.016	0.000	0.8209	0.7146	1
222	276	14.016	0.000	0.7117	0.4573	1
222	297	31.990	0.000	0.7433	0.6799	1
222	304	0.000	0.000	0.7245	0.5410	1
222	344	-66.011	0.000	0.9270	0.6980	1
222	414	31.990	0.000	0.7585	0.5903	1
222	441	-34.021	0.000	0.7368	0.5953	1
222	510	147.053	0.000	0.7303	0.6376	1
222	540	-325.273	0.000	0.7563	0.5843	1
222	543	15.958	0.000	0.9706	0.8179	1
222	553	14.955	0.000	0.7754	0.5233	1
222	569	14.955	0.000	0.7850	0.4925	1
222	570	15.958	0.000	0.9623	0.7952	1
222	572	-81.095	0.000	0.7774	0.6601	1
222	588	-18.026	0.000	0.7080	0.5413	1
222	591	-81.095	0.000	0.8120	0.7142	1
222	613	15.958	0.000	0.9695	0.7972	1
223	262	-30.011	0.000	0.8081	0.6538	1
223	492	-54.011	0.000	0.8266	0.6003	1
225	254	-52.032	0.000	0.8753	0.6623	1
225	277	-16.031	0.000	0.9627	0.8194	1
225	403	-16.031	0.000	0.7507	0.6289	1
225	412	-36.037	0.000	0.8729	0.8054	1
225	458	-16.031	0.000	0.9254	0.7487	1
225	492	-16.031	0.000	0.9687	0.7832	1
225	497	-2.052	0.000	0.7439	0.6992	1
225	531	-50.016	0.000	0.9643	0.7674	1
226	234	280.142	0.000	0.7525	0.4986	1
226	413	280.142	0.000	0.7488	0.4986	1
226	462	117.079	0.000	0.7466	0.5770	1
231	262	14.016	0.000	0.9113	0.7166	1
231	326	-33.984	0.000	0.9615	0.8738	1
231	356	1.979	0.000	0.8433	0.7104	1
231	376	-0.000	0.000	0.9870	0.9401	1
231	411	-62.016	0.000	0.7871	0.6709	1
231	458	-9.985	0.000	0.8466	0.7374	1
231	487	-62.016	0.000	0.7866	0.6797	1
231	492	-9.984	0.000	0.8805	0.7556	1
231	512	-141.079	0.000	0.7072	0.5369	1
231	576	-127.063	0.000	0.7209	0.5533	1
231	619	-46.021	0.000	0.8355	0.6539	1
234	254	2.015	0.000	0.7335	0.8083	1
234	282	-63.995	0.000	0.9312	0.7119	1
234	381	14.991	0.000	0.7150	0.5921	1
234	382	15.995	0.000	0.9425	0.7379	1
234	411	-14.016	0.000	0.9843	0.8579	1
234	413	-0.000	0.000	0.9887	0.8918	1
234	457	-49.003	0.000	0.7282	0.5682	1
234	460	-48.000	0.000	0.8964	0.5678	1
234	462	-163.063	0.000	0.8116	0.5798	1
234	463	-48.077	0.000	0.9458	0.7113	1
234	483	3.995	0.000	0.7149	0.4571	1
234	487	-14.016	0.000	0.9816	0.8823	1
234	529	49.979	0.000	0.7559	0.7268	1
234	542	-113.084	0.000	0.7727	0.6122	1
234	551	-48.000	0.000	0.9580	0.7571	1
234	573	15.995	0.000	0.9439	0.8134	1
235	237	-8.000	0.000	0.7264	0.6061	1
235	244	7.008	0.000	0.7433	0.6621	1
237	244	15.008	0.000	0.7859	0.6671	1
238	440	-131.095	0.000	0.7317	0.5767	1
238	443	-131.095	0.000	0.7661	0.6025	1
238	483	-26.005	0.000	0.7270	0.5696	1
238	510	40.006	0.000	0.7257	0.5640	1
238	538	40.006	0.000	0.7823	0.6725	1
238	597	37.990	0.000	0.7910	0.6113	1
238	611	24.011	0.000	0.7630	0.6771	1
238	633	-10.010	0.000	0.8131	0.6278	1
242	511	-18.026	0.000	0.9247	0.8362	1
243	382	-28.031	0.000	0.9698	0.7974	1
243	573	-28.032	0.000	0.9601	0.7006	1
243	626	-76.031	0.000	0.9796	0.8737	1
246	289	-2.016	0.000	0.9673	0.7835	1
246	559	-33.985	0.000	0.8915	0.5368	1
246	575	115.098	0.000	0.7421	0.4699	1
246	589	-48.001	0.000	0.9019	0.6251	1
246	591	18.010	0.000	0.8672	0.6303	1
247	249	0.000	0.000	0.8299	0.7679	1
247	342	-33.984	0.000	0.9035	0.8156	1
247	343	-33.985	0.000	0.7685	0.7350	1
247	452	-0.000	0.000	0.7154	0.6014	1
247	537	-6.962	0.000	0.7030	0.4407	1
248	259	-33.984	0.000	0.8648	0.8148	1
248	263	-18.958	0.000	0.7249	0.6446	1
248	403	-0.948	0.000	0.7108	0.6514	1
249	311	106.122	0.000	0.7950	0.4926	1
249	342	-33.984	0.000	0.7764	0.7169	1
249	343	-33.985	0.000	0.9129	0.8116	1
249	346	-101.048	0.000	0.7651	0.5285	1
249	352	-101.048	0.000	0.8749	0.6880	1
249	365	106.122	0.000	0.7481	0.4926	1
249	452	-0.000	0.000	0.8986	0.7938	1
249	453	-0.000	0.000	0.8455	0.6869	1
249	478	-33.985	0.000	0.8191	0.7109	1
249	479	-33.984	0.000	0.8049	0.6048	1
249	607	122.116	0.000	0.7174	0.4381	1
250	278	2.016	0.000	0.7074	0.4779	1
250	280	17.956	0.000	0.9270	0.6956	1
250	318	-101.048	0.000	0.7015	0.5156	1
250	329	-14.016	0.000	0.9769	0.8756	1
250	330	-32.023	0.000	0.9296	0.6532	1
250	356	17.956	0.000	0.9434	0.7271	1
250	397	-67.096	0.000	0.7862	0.6255	1
250	420	-16.028	0.000	0.9525	0.6956	1
250	434	-48.000	0.000	0.9746	0.8857	1
250	501	-67.097	0.000	0.8035	0.6178	1
250	529	17.956	0.000	0.8131	0.7078	1
250	557	-16.028	0.000	0.9555	0.7666	1
252	304	2.016	0.000	0.7416	0.7851	1
252	344	-63.995	0.000	0.8799	0.7858	1
252	454	-48.000	0.000	0.9042	0.8041	1
252	468	-34.021	0.000	0.9460	0.7740	1
252	496	29.974	0.000	0.9612	0.8421	1
252	529	129.042	0.000	0.7706	0.6015	1
252	564	14.955	0.000	0.7566	0.6083	1
252	578	15.958	0.000	0.9586	0.7899	1
252	599	15.958	0.000	0.7688	0.5517	1
254	282	-66.010	0.000	0.7241	0.5857	1
254	294	49.980	0.000	0.7686	0.6990	1
254	341	-15.995	0.000	0.7173	0.5993	1
254	365	-16.031	0.000	0.7239	0.5993	1
254	401	-50.015	0.000	0.7298	0.6261	1
254	409	-99.068	0.000	0.9097	0.7212	1
254	411	-16.031	0.000	0.7412	0.8209	1
254	412	15.995	0.000	0.9065	0.6947	1
254	413	-2.015	0.000	0.7434	0.8561	1
254	460	-50.015	0.000	0.7225	0.5620	1
254	463	-50.092	0.000	0.7396	0.6575	1
254	487	-16.031	0.000	0.7383	0.8209	1
254	497	49.980	0.000	0.7258	0.6632	1
254	508	-50.015	0.000	0.7306	0.6272	1
254	551	-50.015	0.000	0.7630	0.7028	1
254	561	-147.068	0.000	0.8783	0.6097	1
260	440	-16.031	0.000	0.7301	0.6060	1
260	449	37.991	0.000	0.7068	0.7196	1
260	543	23.975	0.000	0.7284	0.5778	1
260	562	37.991	0.000	0.7190	0.6636	1
260	570	23.975	0.000	0.7302	0.5778	1
260	588	-10.010	0.000	0.7020	0.6604	1
260	613	23.975	0.000	0.7429	0.5778	1
261	414	40.006	0.000	0.7507	0.6629	1
261	440	-16.031	0.000	0.8288	0.6380	1
261	443	-16.031	0.000	0.8556	0.7452	1
261	477	-147.068	0.000	0.7134	0.6839	1
261	570	23.975	0.000	0.7080	0.5577	1
261	613	23.975	0.000	0.7347	0.6053	1
262	264	18.011	0.000	0.8508	0.6862	1
262	277	-24.000	0.000	0.9489	0.8161	1
262	293	-33.984	0.000	0.9515	0.7780	1
262	320	-101.048	0.000	0.7456	0.6845	1
262	376	-14.016	0.000	0.8758	0.6862	1
262	403	-24.000	0.000	0.7625	0.7089	1
262	433	-99.068	0.000	0.7394	0.5813	1
262	458	-24.000	0.000	0.9279	0.8287	1
262	492	-24.000	0.000	0.9575	0.8010	1
262	504	-113.084	0.000	0.7164	0.6598	1
263	277	18.011	0.000	0.9253	0.7492	1
263	278	14.033	0.000	0.7021	0.6315	1
263	285	14.016	0.000	0.7076	0.6542	1
263	354	-0.000	0.000	0.8752	0.6669	1
263	386	-33.985	0.000	0.7315	0.5620	1
263	403	18.010	0.000	0.7720	0.6594	1
263	458	18.010	0.000	0.9253	0.8329	1
263	492	18.010	0.000	0.9449	0.7834	1
263	493	-224.117	0.000	0.7959	0.6830	1
263	512	-113.084	0.000	0.7401	0.6037	1
263	614	-95.073	0.000	0.8821	0.7289	1
264	320	-119.058	0.000	0.7651	0.6533	1
264	461	-388.243	0.000	0.7027	0.4325	1
264	504	-131.095	0.000	0.8008	0.8009	1
264	510	-10.021	0.000	0.8320	0.6467	1
264	538	-10.021	0.000	0.7948	0.6925	1
264	597	-12.037	0.000	0.8158	0.6264	1
264	611	-26.016	0.000	0.7364	0.7288	1
264	633	-60.036	0.000	0.7779	0.7086	1
268	272	-0.000	0.000	0.7563	0.6573	1
268	275	49.979	0.000	0.7705	0.5690	1
268	315	-14.016	0.000	0.8731	0.7110	1
268	340	49.979	0.000	0.8072	0.6194	1
269	517	-113.084	0.000	0.7723	0.5333	1
269	599	117.078	0.000	0.7369	0.5044	1
270	304	83.037	0.000	0.9225	0.6285	1
270	370	127.027	0.000	0.7306	0.7571	1
270	379	65.044	0.000	0.7077	0.3264	1
270	567	-18.026	0.000	0.8139	0.5894	1
272	315	-14.016	0.000	0.7007	0.6118	1
275	315	-63.995	0.000	0.9554	0.8179	1
275	340	-0.000	0.000	0.8844	0.7011	1
275	366	-244.070	0.000	0.8370	0.5352	1
275	375	-14.016	0.000	0.9799	0.8965	1
276	278	97.070	0.000	0.7034	0.5212	1
276	301	129.042	0.000	0.7518	0.4325	1
276	370	29.974	0.000	0.8892	0.6161	1
276	406	-14.016	0.000	0.9496	0.7687	1
276	409	-34.021	0.000	0.7146	0.5804	1
276	414	17.974	0.000	0.7378	0.5762	1
276	428	-16.031	0.000	0.7044	0.6280	1
276	556	115.027	0.000	0.7542	0.4876	1
276	562	15.958	0.000	0.7513	0.6841	1
276	575	1.977	0.000	0.7556	0.7210	1
276	596	-315.159	0.000	0.7219	0.4546	1
276	615	-414.226	0.000	0.7383	0.4716	1
277	327	14.015	0.000	0.7082	0.5898	1
277	331	-49.979	0.000	0.8367	0.6062	1
277	354	-18.011	0.000	0.8840	0.7111	1
277	374	-17.990	0.000	0.7155	0.4858	1
277	376	9.984	0.000	0.8251	0.6558	1
277	403	-0.000	0.000	0.8084	0.6978	1
277	458	-0.000	0.000	0.9312	0.7742	1
277	492	-0.000	0.000	0.9561	0.7947	1
277	493	-242.127	0.000	0.8016	0.6553	1
277	512	-131.095	0.000	0.8270	0.5487	1
277	531	-33.985	0.000	0.9253	0.7151	1
277	547	-131.095	0.000	0.7365	0.5362	1
278	285	-0.018	0.000	0.9897	0.9402	1
278	286	16.953	0.000	0.7300	0.6993	1
278	301	31.972	0.000	0.8174	0.6424	1
278	329	-16.031	0.000	0.7366	0.4724	1
278	354	-14.034	0.000	0.7422	0.7092	1
278	379	-129.079	0.000	0.7084	0.6058	1
278	406	-111.086	0.000	0.7335	0.6233	1
278	425	16.953	0.000	0.7167	0.6988	1
278	434	-50.016	0.000	0.7275	0.4526	1
278	497	17.956	0.000	0.8337	0.6737	1
278	543	-95.128	0.000	0.7218	0.5600	1
278	556	17.957	0.000	0.8312	0.6486	1
278	570	-95.128	0.000	0.7379	0.5492	1
278	613	-95.128	0.000	0.7406	0.5635	1
280	303	-230.163	0.000	0.8012	0.6129	1
280	309	-1.003	0.000	0.7898	0.5822	1
280	330	-49.979	0.000	0.9057	0.5720	1
280	356	-0.000	0.000	0.9764	0.9106	1
280	397	-85.053	0.000	0.8731	0.6572	1
280	411	-63.995	0.000	0.9289	0.6999	1
280	420	-33.984	0.000	0.9819	0.8927	1
280	421	14.016	0.000	0.9432	0.7728	1
280	487	-63.995	0.000	0.9244	0.7168	1
280	489	-48.000	0.000	0.9736	0.7978	1
280	497	2.016	0.000	0.9015	0.7376	1
280	501	-85.053	0.000	0.8722	0.6393	1
280	529	-0.000	0.000	0.9325	0.8458	1
280	556	2.016	0.000	0.9185	0.6942	1
280	557	-33.984	0.000	0.9802	0.8480	1
280	583	-27.995	0.000	0.7917	0.6730	1
280	597	18.010	0.000	0.7625	0.6216	1
280	619	-48.000	0.000	0.9727	0.8461	1
282	311	49.979	0.000	0.9150	0.6134	1
282	330	63.995	0.000	0.8585	0.5701	1
282	331	52.031	0.000	0.7137	0.6384	1
282	341	50.015	0.000	0.8688	0.6134	1
282	365	49.979	0.000	0.8778	0.6494	1
282	401	15.995	0.000	0.9134	0.7498	1
282	411	49.979	0.000	0.9294	0.6703	1
282	413	63.995	0.000	0.9325	0.7254	1
282	460	15.995	0.000	0.8962	0.6347	1
282	462	-99.068	0.000	0.8421	0.7197	1
282	463	15.918	0.000	0.9364	0.7605	1
282	483	67.990	0.000	0.7187	0.5109	1
282	487	49.979	0.000	0.9254	0.6567	1
282	508	15.995	0.000	0.9009	0.6830	1
282	551	15.995	0.000	0.9426	0.7843	1
285	301	31.990	0.000	0.7706	0.6585	1
285	354	-14.016	0.000	0.7571	0.7235	1
285	406	-111.068	0.000	0.7041	0.6233	1
285	497	17.974	0.000	0.7768	0.6421	1
285	556	17.975	0.000	0.7829	0.6353	1
285	570	-95.110	0.000	0.7097	0.5509	1
285	576	-113.084	0.000	0.7103	0.8673	1
285	613	-95.110	0.000	0.7169	0.5705	1
286	294	1.003	0.000	0.7933	0.5567	1
286	301	15.019	0.000	0.7849	0.5517	1
286	309	-2.016	0.000	0.9432	0.8969	1
286	336	-56.018	0.000	0.8182	0.6017	1
286	359	-33.984	0.000	0.7253	0.5363	1
286	400	-66.010	0.000	0.8386	0.6327	1
286	425	-0.000	0.000	0.9678	0.8098	1
286	449	-98.065	0.000	0.8372	0.6614	1
286	497	1.003	0.000	0.7697	0.5697	1
286	543	-112.081	0.000	0.8610	0.7133	1
286	548	-32.984	0.000	0.8169	0.5885	1
286	553	-113.084	0.000	0.7814	0.6070	1
286	556	1.004	0.000	0.7730	0.5280	1
286	562	-98.065	0.000	0.8215	0.6108	1
286	569	-113.084	0.000	0.8077	0.6128	1
286	570	-112.081	0.000	0.8589	0.6875	1
286	588	-146.065	0.000	0.7135	0.4529	1
286	613	-112.081	0.000	0.8552	0.7396	1
287	288	-33.984	0.000	0.9655	0.8647	1
289	303	-2.016	0.000	0.9107	0.7136	1
289	414	133.110	0.000	0.8793	0.5193	1
289	419	-33.985	0.000	0.9507	0.7570	1
289	427	-87.033	0.000	0.9418	0.7041	1
289	500	60.057	0.000	0.9151	0.7324	1
289	536	-1.925	0.000	0.8514	0.5230	1
289	559	-31.969	0.000	0.8663	0.5473	1
289	575	117.113	0.000	0.7681	0.5401	1
289	589	-45.985	0.000	0.8977	0.6854	1
289	591	20.025	0.000	0.8736	0.6327	1
290	509	-49.021	0.000	0.9479	0.7179	1
290	545	14.974	0.000	0.9289	0.6893	1
292	297	-14.016	0.000	0.7888	0.7511	1
292	301	97.053	0.000	0.7148	0.7255	1
292	370	-2.016	0.000	0.9101	0.7622	1
292	373	-66.011	0.000	0.7381	0.7312	1
292	414	-14.016	0.000	0.7147	0.6649	1
292	449	-16.031	0.000	0.9029	0.7506	1
292	556	83.037	0.000	0.7057	0.5869	1
292	562	-16.031	0.000	0.8661	0.7594	1
292	567	-147.069	0.000	0.8409	0.7142	1
293	326	-14.016	0.000	0.9176	0.8128	1
293	531	-24.000	0.000	0.9648	0.8204	1
293	557	-12.037	0.000	0.7917	0.7453	1
293	607	-26.053	0.000	0.8096	0.7515	1
294	301	14.016	0.000	0.9782	0.8313	1
294	529	-2.016	0.000	0.8096	0.8102	1
294	613	-113.084	0.000	0.7843	0.7085	1
295	349	-71.038	0.000	0.9074	0.7399	1
295	360	3.995	0.000	0.9489	0.8067	1
295	601	-143.074	0.000	0.8347	0.6342	1
297	304	-31.990	0.000	0.9472	0.7826	1
297	327	97.089	0.000	0.7230	0.6137	1
297	441	-66.011	0.000	0.9313	0.7210	1
297	510	115.063	0.000	0.7078	0.6139	1
297	530	-400.160	0.000	0.7172	0.3690	1
297	538	115.063	0.000	0.7636	0.6185	1
297	543	-16.031	0.000	0.7428	0.6644	1
297	570	-16.031	0.000	0.7885	0.7910	1
297	572	-113.084	0.000	0.9529	0.8101	1
297	575	-15.997	0.000	0.8035	0.5499	1
297	591	-113.085	0.000	0.8649	0.7985	1
297	613	-16.031	0.000	0.7646	0.8092	1
298	409	67.100	0.000	0.8173	0.4825	1
298	545	18.010	0.000	0.9059	0.7324	1
301	370	-99.068	0.000	0.7952	0.6886	1
301	392	18.011	0.000	0.8062	0.6979	1
301	414	-111.068	0.000	0.7922	0.5854	1
301	449	-113.084	0.000	0.7874	0.6830	1
301	494	-145.054	0.000	0.7772	0.5671	1
301	497	-14.016	0.000	0.9555	0.7172	1
301	556	-14.015	0.000	0.9546	0.6992	1
301	562	-113.084	0.000	0.7987	0.6535	1
301	567	-244.121	0.000	0.7037	0.5028	1
303	527	-48.000	0.000	0.8715	0.6143	1
303	529	230.162	0.000	0.7849	0.5992	1
303	578	117.078	0.000	0.7174	0.8152	1
303	583	202.168	0.000	0.7365	0.7281	1
304	344	-66.011	0.000	0.7220	0.5674	1
304	441	-34.021	0.000	0.9596	0.7570	1
304	454	-50.016	0.000	0.7273	0.5859	1
304	543	15.958	0.000	0.8169	0.7611	1
304	556	129.043	0.000	0.8020	0.6354	1
304	569	14.955	0.000	0.7091	0.5997	1
304	570	15.958	0.000	0.8386	0.7340	1
304	572	-81.095	0.000	0.8899	0.8229	1
304	575	15.993	0.000	0.8218	0.5945	1
304	588	-18.026	0.000	0.7609	0.6882	1
304	591	-81.095	0.000	0.8014	0.7824	1
304	613	15.958	0.000	0.8420	0.7340	1
305	306	-0.000	0.000	0.8799	0.7321	1
305	338	47.999	0.000	0.8799	0.7939	1
305	342	-28.006	0.000	0.7179	0.4923	1
305	401	78.116	0.000	0.7017	0.5188	1
305	454	-0.948	0.000	0.7853	0.6404	1
306	338	48.000	0.000	0.7999	0.7587	1
306	342	-28.006	0.000	0.7680	0.4938	1
306	454	-0.948	0.000	0.8715	0.7583	1
306	630	15.010	0.000	0.7494	0.5989	1
307	353	-0.000	0.000	0.7064	0.6212	1
309	400	-63.995	0.000	0.8763	0.6416	1
309	407	-84.973	0.000	0.7175	0.5110	1
309	425	2.015	0.000	0.9281	0.8360	1
309	448	-56.018	0.000	0.8189	0.7267	1
309	501	-84.049	0.000	0.7332	0.6717	1
309	529	1.003	0.000	0.7242	0.5693	1
309	549	-86.029	0.000	0.7394	0.4908	1
309	557	-32.981	0.000	0.7868	0.7478	1
309	583	-26.992	0.000	0.7778	0.8210	1
311	329	32.023	0.000	0.9725	0.7777	1
311	330	14.016	0.000	0.9369	0.6946	1
311	335	-294.158	0.000	0.7840	0.5308	1
311	341	0.035	0.000	0.9393	0.7518	1
311	365	-0.000	0.000	0.9577	0.8384	1
311	401	-33.984	0.000	0.9729	0.8145	1
311	452	-106.122	0.000	0.7546	0.4940	1
311	508	-33.984	0.000	0.9555	0.7354	1
311	607	15.994	0.000	0.9475	0.7942	1
311	611	68.026	0.000	0.8954	0.7135	1
312	318	32.023	0.000	0.9907	0.9481	1
312	450	31.992	0.000	0.8627	0.6728	1
312	468	-12.037	0.000	0.8106	0.6066	1
312	504	49.979	0.000	0.7463	0.5025	1
315	338	63.995	0.000	0.7658	0.5672	1
315	340	63.995	0.000	0.8635	0.7326	1
315	366	-180.074	0.000	0.7033	0.3748	1
315	375	49.979	0.000	0.9653	0.8410	1
318	450	-0.031	0.000	0.8682	0.6728	1
318	504	17.956	0.000	0.7132	0.5121	1
320	433	1.979	0.000	0.7986	0.6551	1
320	461	-269.185	0.000	0.8292	0.5962	1
320	504	-12.036	0.000	0.9721	0.8285	1
321	416	0.000	0.000	0.9925	0.8870	1
322	561	-26.004	0.000	0.8036	0.6704	1
322	568	6.019	0.000	0.7597	0.5422	1
326	376	33.984	0.000	0.9661	0.8901	1
326	460	-62.016	0.000	0.7583	0.5528	1
326	463	-62.092	0.000	0.7892	0.6531	1
326	486	-29.993	0.000	0.7977	0.5493	1
326	531	-9.985	0.000	0.8888	0.8116	1
326	551	-62.016	0.000	0.8020	0.6959	1
326	557	1.979	0.000	0.8928	0.7156	1
326	563	-46.021	0.000	0.7737	0.5427	1
326	607	-12.037	0.000	0.9010	0.7156	1
327	439	-103.099	0.000	0.7178	0.5160	1
327	510	17.974	0.000	0.7744	0.6446	1
327	538	17.974	0.000	0.8187	0.7398	1
327	575	-113.085	0.000	0.8951	0.6915	1
327	599	-115.136	0.000	0.7110	0.5861	1
329	352	-239.192	0.000	0.7718	0.3857	1
329	365	-32.023	0.000	0.9379	0.7291	1
329	434	-33.984	0.000	0.9736	0.8052	1
329	529	31.972	0.000	0.7348	0.7542	1
329	607	-16.028	0.000	0.9427	0.7995	1
330	331	-11.964	0.000	0.7119	0.6187	1
330	341	-13.980	0.000	0.9374	0.6976	1
330	356	49.979	0.000	0.9016	0.5496	1
330	365	-14.016	0.000	0.9508	0.7709	1
330	401	-48.000	0.000	0.9308	0.6743	1
330	420	15.995	0.000	0.9168	0.5496	1
330	448	-7.042	0.000	0.7612	0.5087	1
330	501	-35.074	0.000	0.7920	0.5686	1
330	508	-48.000	0.000	0.9175	0.6743	1
330	529	49.979	0.000	0.8176	0.5469	1
330	557	15.995	0.000	0.9252	0.6381	1
331	341	-2.017	0.000	0.7097	0.7390	1
331	365	-2.052	0.000	0.7274	0.7427	1
331	458	49.979	0.000	0.8240	0.6118	1
331	492	49.979	0.000	0.8495	0.6217	1
331	531	15.995	0.000	0.9239	0.8341	1
333	406	3.995	0.000	0.7111	0.6031	1
333	498	-62.016	0.000	0.8129	0.7568	1
333	512	-12.037	0.000	0.7358	0.6545	1
333	547	-12.037	0.000	0.7914	0.6977	1
335	341	294.194	0.000	0.8183	0.6056	1
335	365	294.158	0.000	0.8160	0.6056	1
335	394	-33.984	0.000	0.8291	0.6964	1
335	398	49.980	0.000	0.7510	0.6090	1
336	406	-72.021	0.000	0.8185	0.5111	1
336	414	-40.031	0.000	0.7088	0.6261	1
336	425	56.018	0.000	0.7983	0.5683	1
336	516	29.027	0.000	0.8523	0.7988	1
336	544	29.027	0.000	0.8550	0.8220	1
336	548	23.034	0.000	0.7718	0.5704	1
336	553	-57.066	0.000	0.7585	0.5768	1
336	562	-42.047	0.000	0.9074	0.7590	1
336	568	-108.003	0.000	0.7106	0.4772	1
336	569	-57.066	0.000	0.7568	0.5497	1
336	575	-56.028	0.000	0.7276	0.6026	1
336	588	-90.047	0.000	0.8048	0.6369	1
336	613	-56.063	0.000	0.8815	0.7077	1
338	340	0.000	0.000	0.7468	0.7061	1
338	375	-14.015	0.000	0.7317	0.5994	1
338	404	-115.974	0.000	0.7125	0.4962	1
340	366	-244.069	0.000	0.7424	0.4701	1
340	375	-14.016	0.000	0.8816	0.7366	1
341	343	-140.142	0.000	0.7073	0.4325	1
341	365	-0.035	0.000	0.9855	0.8917	1
341	401	-34.020	0.000	0.9557	0.7390	1
341	452	-106.157	0.000	0.7112	0.4274	1
341	508	-34.020	0.000	0.9403	0.7206	1
341	537	-113.119	0.000	0.7675	0.5729	1
341	598	-63.140	0.000	0.8088	0.5082	1
341	607	15.959	0.000	0.9461	0.6764	1
342	343	-0.000	0.000	0.8320	0.7827	1
342	478	-0.000	0.000	0.7390	0.6881	1
343	346	-67.063	0.000	0.7700	0.5660	1
343	352	-67.063	0.000	0.7372	0.5900	1
343	365	140.106	0.000	0.7045	0.4325	1
343	452	33.984	0.000	0.8375	0.7208	1
343	453	33.984	0.000	0.8102	0.7538	1
343	478	0.000	0.000	0.8763	0.7428	1
343	607	156.101	0.000	0.7726	0.4693	1
344	383	-33.984	0.000	0.9419	0.7663	1
344	411	129.043	0.000	0.7702	0.6259	1
344	454	15.995	0.000	0.9112	0.6911	1
344	483	147.053	0.000	0.7392	0.5710	1
344	487	129.043	0.000	0.7635	0.6259	1
345	452	49.979	0.000	0.7483	0.6955	1
345	453	49.979	0.000	0.7210	0.7054	1
346	352	0.000	0.000	0.7393	0.6681	1
346	452	101.048	0.000	0.7794	0.5813	1
346	453	101.048	0.000	0.7762	0.5624	1
346	459	-87.032	0.000	0.7941	0.6352	1
346	478	67.063	0.000	0.7164	0.5073	1
349	360	75.032	0.000	0.9006	0.6246	1
349	601	-72.037	0.000	0.8550	0.6867	1
352	452	101.048	0.000	0.8135	0.6569	1
352	453	101.048	0.000	0.7056	0.5452	1
352	607	223.164	0.000	0.7461	0.4168	1
353	565	-113.084	0.000	0.7551	0.5080	1
354	374	0.021	0.000	0.7468	0.6039	1
354	386	-33.984	0.000	0.8778	0.7917	1
354	403	18.011	0.000	0.7045	0.6276	1
354	458	18.011	0.000	0.8498	0.6643	1
354	492	18.011	0.000	0.8849	0.6448	1
354	493	-224.117	0.000	0.7262	0.6397	1
354	512	-113.084	0.000	0.8029	0.7150	1
354	547	-113.084	0.000	0.7624	0.7583	1
354	614	-95.073	0.000	0.8861	0.6844	1
355	362	-63.995	0.000	0.9724	0.7666	1
355	367	-31.969	0.000	0.9748	0.7831	1
355	494	133.109	0.000	0.8906	0.5733	1
355	561	67.100	0.000	0.8209	0.4854	1
355	567	34.042	0.000	0.7567	0.5258	1
355	568	99.123	0.000	0.8089	0.4700	1
355	595	-31.969	0.000	0.8947	0.6583	1
355	601	-65.027	0.000	0.7164	0.4634	1
356	376	-1.979	0.000	0.8791	0.7169	1
356	397	-85.053	0.000	0.8387	0.7790	1
356	411	-63.995	0.000	0.9532	0.7256	1
356	420	-33.984	0.000	0.9828	0.9165	1
356	448	-57.021	0.000	0.8122	0.5405	1
356	487	-63.995	0.000	0.9503	0.7607	1
356	492	-11.964	0.000	0.7120	0.7468	1
356	501	-85.053	0.000	0.8427	0.7527	1
356	557	-33.984	0.000	0.9778	0.8480	1
356	583	-27.995	0.000	0.7080	0.6145	1
356	619	-48.000	0.000	0.9873	0.8289	1
359	548	1.001	0.000	0.8156	0.6651	1
359	568	-130.037	0.000	0.7094	0.5611	1
360	601	-147.069	0.000	0.9253	0.6428	1
362	367	32.026	0.000	0.9827	0.7991	1
362	464	49.979	0.000	0.9467	0.7249	1
362	494	197.104	0.000	0.8787	0.5676	1
362	561	131.095	0.000	0.8467	0.5481	1
362	568	163.118	0.000	0.8089	0.4643	1
362	595	32.025	0.000	0.9138	0.6832	1
365	401	-33.984	0.000	0.9754	0.8452	1
365	452	-106.122	0.000	0.7398	0.4952	1
365	508	-33.984	0.000	0.9609	0.7860	1
365	529	63.995	0.000	0.7957	0.6689	1
365	598	-63.105	0.000	0.8180	0.5328	1
365	607	15.994	0.000	0.9609	0.7654	1
366	375	230.054	0.000	0.7375	0.3940	1
367	464	17.953	0.000	0.9471	0.8169	1
367	494	165.078	0.000	0.8885	0.5727	1
367	559	33.984	0.000	0.8954	0.6353	1
367	561	99.069	0.000	0.8441	0.5908	1
367	568	131.092	0.000	0.8227	0.5394	1
367	595	-0.001	0.000	0.9025	0.6965	1
367	601	-33.058	0.000	0.7049	0.3988	1
368	370	262.132	0.000	0.8425	0.7822	1
368	415	161.084	0.000	0.7070	0.5098	1
368	567	117.079	0.000	0.7716	0.6302	1
370	373	-63.995	0.000	0.7726	0.7493	1
370	397	-2.016	0.000	0.9518	0.7922	1
370	409	-63.995	0.000	0.7863	0.6894	1
370	414	-12.000	0.000	0.7257	0.5376	1
370	415	-101.048	0.000	0.7538	0.5704	1
370	449	-14.016	0.000	0.9853	0.8387	1
370	496	-16.032	0.000	0.9613	0.7969	1
370	562	-14.016	0.000	0.9456	0.7611	1
370	567	-145.053	0.000	0.8036	0.6841	1
371	426	33.984	0.000	0.9851	0.8363	1
371	460	-66.010	0.000	0.8355	0.4179	1
373	418	-71.037	0.000	0.9019	0.6518	1
373	441	-14.016	0.000	0.9742	0.8147	1
373	449	49.979	0.000	0.7421	0.5672	1
373	468	-16.031	0.000	0.7371	0.6167	1
373	509	-113.084	0.000	0.8787	0.6518	1
373	562	49.979	0.000	0.8561	0.7607	1
373	567	-81.058	0.000	0.8966	0.7869	1
374	492	17.990	0.000	0.7067	0.4403	1
374	614	-95.094	0.000	0.7198	0.5217	1
375	403	130.147	0.000	0.7359	0.6094	1
375	458	130.147	0.000	0.7162	0.5729	1
376	411	-62.016	0.000	0.8219	0.6709	1
376	458	-9.984	0.000	0.8254	0.7623	1
376	487	-62.016	0.000	0.8228	0.6948	1
376	492	-9.984	0.000	0.8611	0.7745	1
376	504	-99.068	0.000	0.7099	0.4860	1
376	512	-141.079	0.000	0.7039	0.5505	1
376	556	3.995	0.000	0.8230	0.6505	1
376	576	-127.063	0.000	0.7221	0.5533	1
377	528	0.000	0.000	0.9867	1.0000	1
379	406	17.993	0.000	0.7711	0.5506	1
379	414	49.983	0.000	0.7260	0.5237	1
379	570	33.951	0.000	0.7053	0.3880	1
379	613	33.951	0.000	0.7020	0.4252	1
380	608	117.079	0.000	0.7976	0.5685	1
381	382	1.003	0.000	0.7408	0.5292	1
381	413	-14.992	0.000	0.7012	0.5124	1
381	573	1.003	0.000	0.7445	0.5739	1
381	608	-146.065	0.000	0.8338	0.7294	1
382	388	-71.037	0.000	0.8040	0.7358	1
382	401	-63.995	0.000	0.9633	0.7593	1
382	413	-15.995	0.000	0.9367	0.7361	1
382	434	-31.972	0.000	0.9414	0.6555	1
382	489	-14.016	0.000	0.9792	0.8025	1
382	508	-63.995	0.000	0.9418	0.6473	1
382	563	-48.000	0.000	0.9666	0.7738	1
382	573	-0.000	0.000	0.9897	0.8201	1
382	608	-147.069	0.000	0.8526	0.5670	1
382	619	-14.016	0.000	0.9898	0.8570	1
382	626	-48.000	0.000	0.9705	0.8205	1
383	394	-165.115	0.000	0.7427	0.6081	1
383	401	129.043	0.000	0.7705	0.7909	1
383	454	49.980	0.000	0.9231	0.7105	1
383	460	129.043	0.000	0.7009	0.4934	1
383	463	128.966	0.000	0.7300	0.5773	1
383	491	31.990	0.000	0.8795	0.7189	1
383	508	129.043	0.000	0.7674	0.7690	1
383	581	147.053	0.000	0.7693	0.4698	1
385	500	77.978	0.000	0.7014	0.4045	1
385	536	15.995	0.000	0.7413	0.5305	1
386	531	18.011	0.000	0.8220	0.6301	1
386	563	-18.026	0.000	0.7184	0.4496	1
386	630	-97.125	0.000	0.7171	0.6245	1
388	573	71.037	0.000	0.8128	0.7643	1
388	608	-76.032	0.000	0.7876	0.6580	1
389	397	244.179	0.000	0.8801	0.7299	1
389	501	244.178	0.000	0.8509	0.6228	1
390	473	49.979	0.000	0.9289	0.8572	1
390	524	-49.089	0.000	0.8698	0.7006	1
390	525	-49.089	0.000	0.8223	0.6745	1
392	414	-129.079	0.000	0.7611	0.5498	1
392	510	-14.016	0.000	0.8662	0.8715	1
392	538	-14.016	0.000	0.8528	0.9170	1
392	555	-48.000	0.000	0.8862	0.7882	1
392	562	-131.095	0.000	0.8218	0.6256	1
392	577	-48.000	0.000	0.7978	0.8167	1
392	597	-16.031	0.000	0.8222	0.8464	1
394	401	294.158	0.000	0.7495	0.5944	1
394	402	33.984	0.000	0.7306	0.6346	1
394	405	33.940	0.000	0.7054	0.4291	1
394	508	294.157	0.000	0.7437	0.5654	1
397	407	-0.924	0.000	0.7056	0.4293	1
397	448	28.031	0.000	0.7406	0.6309	1
397	496	-14.016	0.000	0.9029	0.7314	1
397	501	-0.000	0.000	0.9647	0.7881	1
397	557	51.068	0.000	0.8517	0.6287	1
398	402	-49.979	0.000	0.7848	0.6452	1
398	405	-50.023	0.000	0.7201	0.4152	1
398	423	66.011	0.000	0.7653	0.7059	1
398	435	-23.037	0.000	0.7895	0.5307	1
398	610	66.068	0.000	0.7427	0.5780	1
400	425	66.010	0.000	0.7994	0.5943	1
400	436	-23.037	0.000	0.7328	0.6676	1
400	457	-33.984	0.000	0.8762	0.6738	1
400	498	-128.039	0.000	0.7080	0.5600	1
400	542	-98.065	0.000	0.7414	0.6463	1
400	551	-32.981	0.000	0.7270	0.6730	1
401	434	32.023	0.000	0.9602	0.7436	1
401	489	49.979	0.000	0.9595	0.7411	1
401	508	-0.000	0.000	0.9763	0.8060	1
401	563	15.995	0.000	0.9522	0.7660	1
401	573	63.995	0.000	0.9665	0.7907	1
401	619	49.979	0.000	0.9659	0.7550	1
401	626	15.995	0.000	0.9434	0.6587	1
402	405	-0.044	0.000	0.9017	0.7966	1
402	411	294.158	0.000	0.8021	0.5305	1
402	413	308.173	0.000	0.7288	0.3633	1
402	487	294.158	0.000	0.7987	0.5066	1
403	428	-117.079	0.000	0.7451	0.6430	1
403	458	-0.000	0.000	0.8779	0.7136	1
403	492	0.000	0.000	0.7779	0.6694	1
403	512	-131.095	0.000	0.7522	0.6033	1
403	516	-14.016	0.000	0.7126	0.8025	1
403	529	11.964	0.000	0.7257	0.5883	1
403	531	-33.984	0.000	0.7219	0.5939	1
403	547	-131.095	0.000	0.7084	0.6366	1
403	614	-113.084	0.000	0.7581	0.6686	1
406	414	31.990	0.000	0.7442	0.6505	1
406	449	29.974	0.000	0.8797	0.5946	1
406	494	-1.996	0.000	0.7155	0.5115	1
406	497	129.042	0.000	0.7513	0.4477	1
406	498	-66.011	0.000	0.9103	0.7188	1
406	512	-16.032	0.000	0.8099	0.6644	1
406	543	15.958	0.000	0.8821	0.5819	1
406	547	-16.032	0.000	0.8925	0.6518	1
406	548	95.055	0.000	0.7187	0.5328	1
406	553	14.955	0.000	0.7947	0.5774	1
406	556	129.043	0.000	0.7495	0.4081	1
406	562	29.974	0.000	0.8789	0.6409	1
406	568	-35.982	0.000	0.7117	0.5383	1
406	569	14.955	0.000	0.8123	0.6236	1
406	570	15.958	0.000	0.8860	0.5821	1
406	588	-18.026	0.000	0.8051	0.6239	1
406	613	15.958	0.000	0.8780	0.5821	1
407	496	-13.092	0.000	0.7881	0.7495	1
409	462	-66.011	0.000	0.8124	0.6338	1
409	545	-49.089	0.000	0.8163	0.5675	1
409	561	-48.000	0.000	0.9322	0.7203	1
411	413	14.016	0.000	0.9876	0.8860	1
411	457	-34.987	0.000	0.7332	0.5159	1
411	460	-33.984	0.000	0.8997	0.5593	1
411	463	-34.061	0.000	0.9458	0.6812	1
411	483	18.011	0.000	0.7841	0.5794	1
411	487	-0.000	0.000	0.9925	0.8970	1
411	504	-37.053	0.000	0.7431	0.6023	1
411	529	63.995	0.000	0.8075	0.6708	1
411	551	-33.985	0.000	0.9594	0.7211	1
411	619	15.995	0.000	0.9401	0.7155	1
412	588	-113.084	0.000	0.8628	0.6713	1
413	457	-49.003	0.000	0.7053	0.4191	1
413	460	-48.000	0.000	0.8970	0.5678	1
413	462	-163.063	0.000	0.8087	0.5658	1
413	463	-48.077	0.000	0.9461	0.7113	1
413	483	3.995	0.000	0.7132	0.4373	1
413	487	-14.016	0.000	0.9837	0.8995	1
413	529	49.979	0.000	0.7461	0.6890	1
413	542	-113.084	0.000	0.7641	0.6100	1
413	551	-48.000	0.000	0.9588	0.7571	1
413	573	15.995	0.000	0.9373	0.7988	1
414	419	-167.095	0.000	0.8935	0.5429	1
414	427	-220.142	0.000	0.8773	0.5429	1
414	449	-2.016	0.000	0.7345	0.5760	1
414	494	-33.985	0.000	0.9267	0.7276	1
414	497	97.053	0.000	0.7826	0.6340	1
414	500	-73.053	0.000	0.8622	0.5566	1
414	543	-16.031	0.000	0.7589	0.6270	1
414	556	97.053	0.000	0.7645	0.5353	1
414	559	-165.079	0.000	0.8130	0.5802	1
414	562	-2.016	0.000	0.7905	0.6767	1
414	569	-17.035	0.000	0.7127	0.6303	1
414	570	-16.031	0.000	0.7879	0.6238	1
414	572	-113.084	0.000	0.8339	0.6992	1
414	575	-15.997	0.000	0.7867	0.7224	1
414	588	-50.016	0.000	0.7960	0.6412	1
414	591	-113.085	0.000	0.9103	0.7058	1
414	610	-147.069	0.000	0.8526	0.5757	1
414	613	-16.031	0.000	0.7738	0.6238	1
418	441	57.022	0.000	0.8957	0.5911	1
418	500	49.979	0.000	0.9774	0.8292	1
418	509	-42.047	0.000	0.9569	0.7966	1
419	423	19.969	0.000	0.9821	0.7890	1
419	427	-53.048	0.000	0.9591	0.7072	1
419	500	94.042	0.000	0.9533	0.8035	1
419	536	32.059	0.000	0.8723	0.5347	1
419	559	2.016	0.000	0.9037	0.6023	1
419	575	151.098	0.000	0.7670	0.5820	1
419	588	117.079	0.000	0.7739	0.4804	1
419	589	-12.000	0.000	0.8964	0.6718	1
419	591	54.010	0.000	0.8688	0.6795	1
419	610	20.026	0.000	0.9046	0.6042	1
420	460	-63.995	0.000	0.8719	0.4669	1
420	463	-64.072	0.000	0.9129	0.5779	1
420	501	-51.069	0.000	0.8559	0.6031	1
420	551	-63.995	0.000	0.9272	0.6174	1
420	557	-0.000	0.000	0.9910	0.8480	1
420	607	-14.016	0.000	0.9758	0.8699	1
421	448	-71.037	0.000	0.7950	0.5519	1
421	529	-14.016	0.000	0.7982	0.7728	1
423	427	-73.017	0.000	0.9692	0.7096	1
423	500	74.073	0.000	0.9377	0.7183	1
423	536	12.091	0.000	0.8876	0.5597	1
423	559	-17.953	0.000	0.8948	0.5529	1
423	572	34.042	0.000	0.7636	0.6218	1
423	588	97.110	0.000	0.7984	0.5675	1
423	589	-31.969	0.000	0.9131	0.6562	1
423	591	34.041	0.000	0.8867	0.7167	1
423	610	0.057	0.000	0.9143	0.6042	1
425	497	1.004	0.000	0.7695	0.5201	1
425	543	-112.081	0.000	0.8480	0.6828	1
425	548	-32.983	0.000	0.8256	0.6194	1
425	553	-113.084	0.000	0.7533	0.5900	1
425	562	-98.065	0.000	0.8083	0.5058	1
425	569	-113.084	0.000	0.7815	0.5935	1
425	588	-146.065	0.000	0.7126	0.4529	1
425	613	-112.080	0.000	0.8366	0.6828	1
426	562	-99.068	0.000	0.7178	0.4006	1
427	429	-89.047	0.000	0.7697	0.7433	1
427	500	147.090	0.000	0.9262	0.7072	1
427	536	85.107	0.000	0.8746	0.5770	1
427	559	55.063	0.000	0.8829	0.6023	1
427	572	107.058	0.000	0.7457	0.5737	1
427	575	204.146	0.000	0.7361	0.5401	1
427	588	170.127	0.000	0.7558	0.4804	1
427	589	41.047	0.000	0.8877	0.6812	1
427	591	107.058	0.000	0.8643	0.6789	1
427	610	73.074	0.000	0.8986	0.6042	1
428	433	42.010	0.000	0.7023	0.6833	1
428	496	29.974	0.000	0.7062	0.5035	1
428	512	-14.016	0.000	0.9246	0.8195	1
428	547	-14.016	0.000	0.8230	0.7673	1
429	433	317.195	0.000	0.8621	0.8009	1
429	435	73.016	0.000	0.9228	0.8261	1
429	549	317.195	0.000	0.8416	0.7445	1
432	503	-14.016	0.000	0.8083	0.5567	1
433	435	-244.178	0.000	0.8105	0.7241	1
433	436	-1.003	0.000	0.7306	0.6151	1
433	439	-14.015	0.000	0.8228	0.7893	1
433	496	-12.037	0.000	0.7559	0.6991	1
433	504	-14.016	0.000	0.7979	0.6148	1
433	549	-0.000	0.000	0.7994	0.8597	1
433	599	-26.052	0.000	0.8096	0.7719	1
434	508	-32.023	0.000	0.9385	0.7063	1
434	573	31.972	0.000	0.9419	0.6538	1
435	549	244.178	0.000	0.8321	0.7135	1
436	549	1.003	0.000	0.7641	0.6911	1
436	564	-26.052	0.000	0.7944	0.6849	1
437	438	-1.004	0.000	0.9135	0.8441	1
437	472	-0.000	0.000	0.9852	0.9400	1
437	592	-40.089	0.000	0.7081	0.4402	1
438	472	1.003	0.000	0.9076	0.8293	1
439	496	1.979	0.000	0.8669	0.7047	1
439	521	-12.037	0.000	0.7833	0.5313	1
439	599	-12.037	0.000	0.8389	0.6412	1
440	443	-0.000	0.000	0.8078	0.7434	1
440	547	8.016	0.000	0.7633	0.6522	1
440	570	40.006	0.000	0.7981	0.6018	1
440	575	40.041	0.000	0.7418	0.5499	1
440	578	37.990	0.000	0.8641	0.6230	1
440	598	23.975	0.000	0.7049	0.4650	1
440	599	37.990	0.000	0.7401	0.5581	1
440	613	40.006	0.000	0.8034	0.6018	1
440	630	-10.010	0.000	0.8857	0.7136	1
441	468	-2.016	0.000	0.7273	0.6958	1
441	509	-99.069	0.000	0.8938	0.6543	1
441	537	-16.031	0.000	0.8050	0.6958	1
441	543	49.979	0.000	0.7414	0.5262	1
441	569	48.976	0.000	0.7185	0.7143	1
441	570	49.979	0.000	0.7932	0.6789	1
441	572	-47.074	0.000	0.8749	0.7230	1
441	575	50.014	0.000	0.8027	0.5649	1
441	588	15.995	0.000	0.7059	0.7025	1
441	591	-47.074	0.000	0.7951	0.7210	1
441	613	49.979	0.000	0.7729	0.7153	1
443	477	-131.037	0.000	0.7441	0.6087	1
443	495	-97.053	0.000	0.7746	0.7063	1
443	598	23.975	0.000	0.7827	0.5150	1
443	630	-10.010	0.000	0.7613	0.6364	1
447	449	327.216	0.000	0.8158	0.5861	1
447	562	327.216	0.000	0.7827	0.6294	1
448	451	-14.016	0.000	0.7816	0.5812	1
448	501	-28.031	0.000	0.7782	0.6277	1
448	557	23.037	0.000	0.8312	0.6479	1
448	583	29.027	0.000	0.7532	0.7137	1
449	542	-66.011	0.000	0.9424	0.7370	1
449	543	-14.016	0.000	0.9738	0.8168	1
449	549	10.021	0.000	0.7423	0.6126	1
449	553	-15.019	0.000	0.7960	0.5557	1
449	562	-0.000	0.000	0.9324	0.6908	1
449	567	-131.037	0.000	0.7800	0.5861	1
449	568	-65.956	0.000	0.7196	0.4954	1
449	569	-15.019	0.000	0.8016	0.5492	1
449	570	-14.016	0.000	0.9664	0.8059	1
449	578	-16.032	0.000	0.9579	0.7943	1
449	588	-48.000	0.000	0.8423	0.6604	1
449	599	-16.032	0.000	0.7762	0.5229	1
449	613	-14.016	0.000	0.9709	0.8168	1
451	580	-48.000	0.000	0.7182	0.4733	1
452	453	-0.000	0.000	0.8703	0.7119	1
452	478	-33.984	0.000	0.9007	0.8016	1
452	479	-33.984	0.000	0.8552	0.6580	1
453	478	-33.984	0.000	0.8124	0.7487	1
453	479	-33.984	0.000	0.9501	0.8571	1
454	630	15.958	0.000	0.9046	0.6484	1
457	460	1.003	0.000	0.7614	0.6748	1
457	463	0.926	0.000	0.7454	0.5886	1
457	487	34.987	0.000	0.7336	0.4793	1
457	551	1.003	0.000	0.7196	0.4784	1
458	492	0.000	0.000	0.9488	0.8708	1
458	493	-242.127	0.000	0.7823	0.6298	1
458	512	-131.094	0.000	0.8606	0.6575	1
458	531	-33.984	0.000	0.8936	0.7698	1
458	547	-131.095	0.000	0.7502	0.5988	1
458	614	-113.084	0.000	0.9073	0.8141	1
460	462	-115.063	0.000	0.8111	0.5471	1
460	463	-0.077	0.000	0.9735	0.8494	1
460	487	33.984	0.000	0.8944	0.5398	1
460	551	-0.000	0.000	0.9375	0.7094	1
460	557	63.995	0.000	0.8674	0.4880	1
460	563	15.995	0.000	0.8471	0.4468	1
460	607	49.979	0.000	0.8514	0.5370	1
461	504	257.149	0.000	0.8094	0.5628	1
462	463	114.986	0.000	0.7951	0.6125	1
462	551	115.063	0.000	0.7802	0.5235	1
463	483	52.072	0.000	0.7046	0.5431	1
463	487	34.061	0.000	0.9428	0.6812	1
463	551	0.076	0.000	0.9726	0.8337	1
463	557	64.072	0.000	0.9053	0.5779	1
463	581	18.087	0.000	0.7020	0.5586	1
463	607	50.056	0.000	0.8885	0.6257	1
464	494	147.125	0.000	0.8732	0.5404	1
464	561	81.116	0.000	0.8121	0.5270	1
464	568	113.139	0.000	0.8089	0.5372	1
464	595	-17.954	0.000	0.8544	0.6208	1
464	601	-51.011	0.000	0.7099	0.4270	1
465	486	-33.988	0.000	0.7388	0.4568	1
465	556	33.985	0.000	0.9535	0.6960	1
465	561	-163.063	0.000	0.7061	0.4168	1
465	577	18.010	0.000	0.7531	0.6522	1
465	586	-27.995	0.000	0.7221	0.5612	1
465	588	-113.084	0.000	0.8479	0.6681	1
468	496	63.995	0.000	0.9446	0.7727	1
468	537	-14.015	0.000	0.8695	0.7511	1
468	564	48.976	0.000	0.7843	0.6414	1
468	578	49.979	0.000	0.9532	0.8118	1
468	599	49.979	0.000	0.7246	0.5080	1
472	592	-40.089	0.000	0.7191	0.4729	1
473	524	-99.068	0.000	0.8594	0.7808	1
473	525	-99.068	0.000	0.8108	0.7454	1
477	495	33.984	0.000	0.8354	0.7664	1
478	479	0.000	0.000	0.7324	0.7100	1
479	511	-33.985	0.000	0.7160	0.6898	1
483	487	-18.011	0.000	0.7826	0.5794	1
483	538	66.011	0.000	0.7540	0.5796	1
483	551	-51.995	0.000	0.7039	0.5109	1
483	581	-33.984	0.000	0.9171	0.7932	1
483	597	63.995	0.000	0.8188	0.6761	1
483	611	50.016	0.000	0.7376	0.5242	1
483	633	15.995	0.000	0.8713	0.7189	1
485	565	-16.031	0.000	0.8481	0.6790	1
485	574	-111.068	0.000	0.7438	0.5511	1
485	590	-111.069	0.000	0.7546	0.5194	1
486	548	33.985	0.000	0.8309	0.8410	1
486	557	31.972	0.000	0.7588	0.4294	1
487	529	63.995	0.000	0.8017	0.6827	1
487	551	-33.985	0.000	0.9559	0.7211	1
487	619	15.995	0.000	0.9344	0.7168	1
488	494	-71.038	0.000	0.8437	0.5550	1
489	508	-49.979	0.000	0.9518	0.6848	1
489	573	14.016	0.000	0.9802	0.7864	1
489	577	34.042	0.000	0.7126	0.5809	1
489	619	0.000	0.000	0.9851	0.8413	1
489	630	-113.084	0.000	0.7993	0.6422	1
489	633	18.010	0.000	0.8346	0.5623	1
492	493	-242.127	0.000	0.8049	0.6466	1
492	512	-131.095	0.000	0.8457	0.5891	1
492	531	-33.984	0.000	0.9436	0.7635	1
492	547	-131.095	0.000	0.7499	0.5539	1
492	614	-113.084	0.000	0.8108	0.6466	1
493	512	111.033	0.000	0.7273	0.6185	1
493	547	111.033	0.000	0.8035	0.6480	1
493	614	129.043	0.000	0.7731	0.6229	1
494	497	131.038	0.000	0.7624	0.5690	1
494	561	-66.009	0.000	0.8188	0.6067	1
494	567	-99.068	0.000	0.7625	0.5530	1
494	568	-33.986	0.000	0.8614	0.7332	1
494	588	-16.031	0.000	0.8049	0.7980	1
494	601	-198.136	0.000	0.7111	0.5492	1
494	610	-113.083	0.000	0.7461	0.7372	1
495	572	40.006	0.000	0.7288	0.5909	1
495	591	40.006	0.000	0.7522	0.5809	1
496	501	14.016	0.000	0.8880	0.7017	1
496	521	-14.015	0.000	0.9231	0.8139	1
496	529	99.068	0.000	0.7847	0.6462	1
496	564	-15.019	0.000	0.7887	0.7306	1
496	578	-14.016	0.000	0.9844	0.8126	1
496	583	71.074	0.000	0.7353	0.7870	1
496	599	-14.016	0.000	0.9185	0.8259	1
497	516	-27.995	0.000	0.7719	0.7299	1
497	529	-2.016	0.000	0.7843	0.7421	1
497	538	18.010	0.000	0.7060	0.6924	1
497	544	-27.995	0.000	0.7673	0.6953	1
497	556	0.000	0.000	0.9697	0.7951	1
497	562	-99.068	0.000	0.7381	0.6015	1
497	569	-114.087	0.000	0.7165	0.4946	1
497	570	-113.084	0.000	0.8318	0.6963	1
497	613	-113.084	0.000	0.8120	0.7249	1
498	512	49.979	0.000	0.8349	0.7194	1
498	542	29.974	0.000	0.8822	0.6856	1
498	547	49.979	0.000	0.9085	0.7385	1
500	536	-61.982	0.000	0.8792	0.6019	1
500	559	-92.026	0.000	0.9251	0.6679	1
500	575	57.056	0.000	0.8155	0.5401	1
500	588	23.037	0.000	0.8150	0.6139	1
500	589	-106.042	0.000	0.8972	0.7301	1
500	591	-40.032	0.000	0.8726	0.6795	1
500	610	-74.016	0.000	0.9285	0.7002	1
501	529	85.053	0.000	0.8614	0.6222	1
501	557	51.068	0.000	0.8618	0.6527	1
504	512	-42.011	0.000	0.8364	0.7697	1
504	543	-10.021	0.000	0.8033	0.8005	1
504	547	-42.011	0.000	0.8693	0.8046	1
504	549	14.016	0.000	0.9074	0.6816	1
504	564	-13.040	0.000	0.7350	0.5689	1
504	570	-10.021	0.000	0.7539	0.7005	1
504	576	-27.995	0.000	0.8794	0.7504	1
504	578	-12.037	0.000	0.8734	0.6975	1
504	598	-26.052	0.000	0.8214	0.7434	1
504	613	-10.021	0.000	0.7925	0.7319	1
504	614	-24.000	0.000	0.7791	0.8186	1
504	619	53.048	0.000	0.7515	0.5093	1
504	630	-60.037	0.000	0.7862	0.6875	1
508	563	15.995	0.000	0.9281	0.6627	1
508	573	63.995	0.000	0.9474	0.6934	1
508	577	84.021	0.000	0.7344	0.6098	1
508	608	-83.074	0.000	0.8033	0.5436	1
508	619	49.980	0.000	0.9488	0.6848	1
508	626	15.995	0.000	0.9174	0.5506	1
508	633	67.990	0.000	0.7030	0.4498	1
509	545	63.995	0.000	0.9720	0.8341	1
510	538	0.000	0.000	0.9438	0.8611	1
510	555	-33.984	0.000	0.8898	0.7487	1
510	577	-33.984	0.000	0.9186	0.7997	1
510	597	-2.016	0.000	0.8363	0.7143	1
510	613	-131.095	0.000	0.7529	0.7085	1
510	633	-50.016	0.000	0.7505	0.6037	1
512	547	-0.000	0.000	0.9151	0.8860	1
512	576	14.016	0.000	0.8219	0.7084	1
512	578	29.974	0.000	0.7658	0.5361	1
512	598	15.958	0.000	0.7460	0.5976	1
512	614	18.011	0.000	0.8728	0.6961	1
515	565	-87.105	0.000	0.7109	0.4852	1
516	544	-0.000	0.000	0.9682	0.8496	1
516	553	-86.092	0.000	0.7057	0.6456	1
516	556	27.995	0.000	0.7362	0.5728	1
516	562	-71.074	0.000	0.7357	0.6860	1
516	586	-33.984	0.000	0.9721	0.8180	1
517	518	-113.084	0.000	0.9710	0.7891	1
517	521	230.163	0.000	0.9011	0.7083	1
517	598	216.147	0.000	0.8656	0.6430	1
517	599	230.163	0.000	0.8405	0.6299	1
518	521	343.247	0.000	0.8798	0.6631	1
518	598	329.231	0.000	0.8127	0.5665	1
518	599	343.246	0.000	0.8016	0.6597	1
521	537	-63.995	0.000	0.9566	0.8017	1
521	598	-14.016	0.000	0.9640	0.7255	1
521	599	-0.000	0.000	0.9044	0.6597	1
524	525	-0.000	0.000	0.8932	0.8391	1
527	534	-48.000	0.000	0.8766	0.6143	1
529	547	-143.058	0.000	0.7163	0.4426	1
529	556	2.016	0.000	0.8205	0.7455	1
529	573	-33.984	0.000	0.8075	0.7963	1
529	578	-113.084	0.000	0.7696	0.5860	1
529	583	-27.995	0.000	0.8604	0.7305	1
529	597	18.010	0.000	0.7933	0.7078	1
529	598	-127.100	0.000	0.8041	0.5635	1
529	619	-48.000	0.000	0.8605	0.8296	1
531	557	11.964	0.000	0.7565	0.7665	1
531	563	-36.036	0.000	0.7605	0.6666	1
531	573	11.964	0.000	0.7594	0.7112	1
531	607	-2.052	0.000	0.7770	0.7874	1
531	619	-2.052	0.000	0.7653	0.7486	1
532	629	165.078	0.000	0.8650	0.6967	1
534	580	207.126	0.000	0.7256	0.5402	1
534	619	278.163	0.000	0.8399	0.6651	1
534	630	165.079	0.000	0.7105	0.6258	1
536	559	-30.044	0.000	0.8415	0.6364	1
536	575	119.039	0.000	0.7075	0.5029	1
536	588	85.019	0.000	0.7681	0.6019	1
536	589	-44.060	0.000	0.8391	0.6019	1
536	591	21.951	0.000	0.8205	0.5553	1
536	610	-12.033	0.000	0.8801	0.6441	1
537	598	49.979	0.000	0.9303	0.6439	1
537	599	63.994	0.000	0.8907	0.5861	1
538	555	-33.984	0.000	0.8710	0.7631	1
538	556	-18.010	0.000	0.7414	0.6992	1
538	577	-33.984	0.000	0.9272	0.7996	1
538	597	-2.016	0.000	0.8726	0.8599	1
538	633	-50.016	0.000	0.8189	0.7314	1
540	543	341.231	0.000	0.8057	0.6600	1
540	570	341.231	0.000	0.7977	0.6659	1
540	572	244.178	0.000	0.7182	0.6345	1
540	613	341.231	0.000	0.8068	0.6784	1
542	549	76.031	0.000	0.7834	0.6747	1
542	562	66.011	0.000	0.9105	0.6908	1
542	564	48.976	0.000	0.7046	0.6183	1
542	578	49.979	0.000	0.9606	0.7365	1
542	599	49.979	0.000	0.7661	0.5398	1
543	547	-31.990	0.000	0.7240	0.6216	1
543	553	-1.003	0.000	0.8337	0.6462	1
543	562	14.016	0.000	0.9350	0.6791	1
543	569	-1.003	0.000	0.8404	0.6103	1
543	570	0.000	0.000	0.9717	0.8059	1
543	572	-97.053	0.000	0.7576	0.5792	1
543	576	-17.974	0.000	0.7118	0.6241	1
543	578	-2.016	0.000	0.8587	0.7994	1
543	588	-33.984	0.000	0.8577	0.6402	1
543	591	-97.053	0.000	0.7928	0.6770	1
543	598	-16.031	0.000	0.8998	0.7136	1
543	613	0.000	0.000	0.9827	0.8724	1
543	630	-50.016	0.000	0.9293	0.7491	1
544	556	27.995	0.000	0.7344	0.5832	1
544	562	-71.074	0.000	0.7410	0.7762	1
544	586	-33.984	0.000	0.9808	0.8789	1
544	619	-22.021	0.000	0.7233	0.6147	1
547	564	28.971	0.000	0.7076	0.5115	1
547	570	31.990	0.000	0.7081	0.6413	1
547	576	14.016	0.000	0.8913	0.7954	1
547	578	29.974	0.000	0.9013	0.6601	1
547	598	15.959	0.000	0.8677	0.7020	1
547	599	29.974	0.000	0.7263	0.5547	1
547	613	31.990	0.000	0.7395	0.6601	1
547	614	18.011	0.000	0.7956	0.7223	1
547	630	-18.026	0.000	0.8014	0.6413	1
548	562	-65.081	0.000	0.7420	0.5981	1
548	568	-131.037	0.000	0.7765	0.6394	1
548	570	-79.097	0.000	0.7846	0.4909	1
548	588	-113.082	0.000	0.7042	0.5424	1
548	613	-79.097	0.000	0.7946	0.5144	1
549	562	-10.021	0.000	0.7309	0.6968	1
549	564	-27.055	0.000	0.7406	0.7021	1
549	576	-42.010	0.000	0.7146	0.5380	1
549	578	-26.052	0.000	0.8022	0.5567	1
550	603	-14.016	0.000	0.9068	0.7544	1
551	557	63.995	0.000	0.9223	0.6442	1
551	563	15.995	0.000	0.8959	0.5914	1
551	581	18.011	0.000	0.7198	0.6045	1
551	607	49.979	0.000	0.8946	0.6151	1
551	626	15.995	0.000	0.8921	0.5914	1
553	562	15.019	0.000	0.8504	0.7557	1
553	564	-2.016	0.000	0.8512	0.7957	1
553	569	-0.000	0.000	0.9741	0.8529	1
553	570	1.003	0.000	0.8101	0.5400	1
553	588	-32.981	0.000	0.7376	0.6551	1
553	613	1.003	0.000	0.8110	0.5400	1
555	577	0.000	0.000	0.9379	0.9133	1
555	581	-66.010	0.000	0.7539	0.5552	1
555	588	-131.095	0.000	0.7967	0.6056	1
555	633	-16.031	0.000	0.8160	0.7585	1
556	562	-99.069	0.000	0.7219	0.4932	1
556	575	-113.050	0.000	0.7024	0.6625	1
556	619	-50.016	0.000	0.9506	0.6928	1
556	623	-70.078	0.000	0.7475	0.5022	1
557	563	-48.000	0.000	0.9293	0.7114	1
557	607	-14.016	0.000	0.9785	0.8527	1
558	574	51.995	0.000	0.7797	0.4457	1
558	590	51.995	0.000	0.8151	0.4457	1
559	575	149.083	0.000	0.7541	0.6025	1
559	588	115.063	0.000	0.7617	0.5839	1
559	589	-14.016	0.000	0.9796	0.8292	1
559	591	51.995	0.000	0.8192	0.5656	1
559	595	-33.985	0.000	0.9626	0.7316	1
559	610	18.011	0.000	0.8873	0.6370	1
561	567	-33.058	0.000	0.8003	0.6971	1
561	568	32.023	0.000	0.8910	0.6943	1
561	595	-99.069	0.000	0.8933	0.7098	1
562	567	-131.037	0.000	0.8326	0.7127	1
562	568	-65.956	0.000	0.7152	0.4605	1
562	569	-15.019	0.000	0.8511	0.7281	1
562	570	-14.016	0.000	0.9435	0.7186	1
562	575	-13.981	0.000	0.7624	0.6229	1
562	578	-16.031	0.000	0.9179	0.6483	1
562	588	-48.000	0.000	0.9305	0.8050	1
562	599	-16.032	0.000	0.8378	0.7135	1
562	610	-145.053	0.000	0.7285	0.6589	1
562	613	-14.016	0.000	0.9400	0.7186	1
563	573	48.000	0.000	0.9621	0.7031	1
563	577	68.026	0.000	0.7006	0.4161	1
563	607	33.984	0.000	0.9241	0.7247	1
563	619	33.985	0.000	0.9603	0.7400	1
563	626	0.000	0.000	0.9888	0.8067	1
564	569	2.016	0.000	0.8319	0.7809	1
564	578	1.003	0.000	0.8115	0.5544	1
564	598	-13.012	0.000	0.7700	0.5638	1
565	629	-48.000	0.000	0.7476	0.5429	1
567	568	65.081	0.000	0.7660	0.6462	1
567	595	-66.011	0.000	0.7772	0.6860	1
567	601	-99.069	0.000	0.8607	0.7870	1
567	627	-198.137	0.000	0.8644	0.6710	1
568	570	51.940	0.000	0.7118	0.4649	1
568	588	17.956	0.000	0.7649	0.6305	1
568	595	-131.092	0.000	0.8548	0.6276	1
569	570	1.003	0.000	0.8248	0.5262	1
569	588	-32.981	0.000	0.7434	0.6348	1
569	613	1.003	0.000	0.8253	0.5262	1
570	572	-97.053	0.000	0.7603	0.5792	1
570	578	-2.016	0.000	0.8448	0.7445	1
570	588	-33.985	0.000	0.8952	0.7815	1
570	591	-97.053	0.000	0.7984	0.6770	1
570	598	-16.031	0.000	0.8954	0.6567	1
570	610	-131.037	0.000	0.7133	0.6871	1
570	613	0.000	0.000	0.9809	0.8617	1
570	630	-50.016	0.000	0.9344	0.7868	1
571	600	0.000	0.000	0.9792	0.9161	1
571	637	0.000	0.000	0.9920	0.9013	1
571	644	-0.000	0.000	0.9960	0.9485	1
571	674	-0.000	0.000	0.9867	0.8692	1
571	863	-0.000	0.000	0.9855	0.8854	1
572	575	97.088	0.000	0.7322	0.5350	1
572	588	63.068	0.000	0.7276	0.6292	1
572	591	-0.000	0.000	0.9258	0.8132	1
572	610	-33.984	0.000	0.8170	0.6538	1
572	613	97.053	0.000	0.7764	0.6989	1
573	608	-147.068	0.000	0.8525	0.5806	1
573	619	-14.015	0.000	0.9902	0.8187	1
573	626	-48.000	0.000	0.9634	0.7187	1
573	633	3.995	0.000	0.7413	0.4067	1
574	590	-0.000	0.000	0.9170	0.6952	1
575	588	-34.019	0.000	0.8143	0.5649	1
575	591	-97.088	0.000	0.7530	0.4715	1
575	598	-16.066	0.000	0.7201	0.5249	1
575	610	-131.072	0.000	0.7647	0.5337	1
575	614	-14.014	0.000	0.7042	0.6806	1
575	630	-50.051	0.000	0.7149	0.5317	1
576	598	1.943	0.000	0.8925	0.7335	1
576	613	17.974	0.000	0.7231	0.6241	1
576	614	3.995	0.000	0.7760	0.6332	1
576	630	-32.042	0.000	0.7351	0.6112	1
577	581	-66.010	0.000	0.7630	0.5552	1
577	588	-131.095	0.000	0.8279	0.6537	1
577	633	-16.031	0.000	0.8701	0.7356	1
578	583	85.089	0.000	0.7898	0.7422	1
578	598	-14.015	0.000	0.9326	0.7255	1
578	599	-0.000	0.000	0.7820	0.5398	1
578	613	2.016	0.000	0.8727	0.7937	1
578	614	-11.963	0.000	0.7841	0.7379	1
578	630	-48.000	0.000	0.9194	0.7516	1
579	629	-42.047	0.000	0.8172	0.5631	1
580	630	-42.047	0.000	0.8930	0.7635	1
581	633	49.979	0.000	0.8003	0.7128	1
583	597	46.005	0.000	0.7002	0.6538	1
583	599	-85.089	0.000	0.7515	0.6972	1
583	614	-97.052	0.000	0.7051	0.6661	1
585	623	-14.015	0.000	0.8445	0.5897	1
588	589	-129.079	0.000	0.7849	0.6139	1
588	591	-63.069	0.000	0.8122	0.6162	1
588	610	-97.053	0.000	0.8982	0.7433	1
588	613	33.985	0.000	0.8889	0.8238	1
588	630	-16.031	0.000	0.8886	0.8074	1
589	591	66.011	0.000	0.8568	0.6731	1
589	610	32.027	0.000	0.8883	0.7164	1
591	610	-33.984	0.000	0.9201	0.7009	1
591	613	97.053	0.000	0.8034	0.7426	1
592	607	-7.969	0.000	0.7115	0.6898	1
592	611	44.063	0.000	0.7128	0.6637	1
593	864	0.119	0.000	0.7030	0.6308	1
594	598	-113.084	0.000	0.8181	0.5220	1
596	615	-99.067	0.000	0.8674	0.7999	1
597	611	-13.979	0.000	0.7005	0.6533	1
597	633	-48.000	0.000	0.9227	0.8194	1
598	599	14.015	0.000	0.9249	0.7184	1
598	611	131.131	0.000	0.7584	0.5327	1
598	613	16.031	0.000	0.8878	0.6981	1
598	614	2.052	0.000	0.7612	0.6546	1
598	630	-33.984	0.000	0.8132	0.6633	1
599	630	-48.000	0.000	0.7763	0.7374	1
600	637	-0.000	0.000	0.9736	0.9013	1
600	644	-0.000	0.000	0.9736	0.9161	1
600	674	-0.000	0.000	0.9558	0.8066	1
600	863	-0.000	0.000	0.9575	0.8066	1
601	627	-99.068	0.000	0.9466	0.7986	1
607	611	52.032	0.000	0.8614	0.7208	1
608	626	99.069	0.000	0.8770	0.6422	1
611	633	-34.021	0.000	0.7821	0.6531	1
613	630	-50.016	0.000	0.9531	0.8288	1
619	630	-113.084	0.000	0.7791	0.6501	1
619	633	18.010	0.000	0.8236	0.5738	1
630	633	131.095	0.000	0.7722	0.5716	1
631	643	-14.016	0.000	0.8982	0.7291	1
631	656	-28.031	0.000	0.8872	0.7368	1
631	710	-56.063	0.000	0.9010	0.7681	1
631	751	-70.078	0.000	0.8585	0.6106	1
631	786	-98.109	0.000	0.8764	0.6999	1
634	649	-0.984	0.000	0.9414	0.6898	1
637	644	-0.000	0.000	0.9922	0.9013	1
637	674	-0.000	0.000	0.9845	0.8326	1
637	863	-0.000	0.000	0.9861	0.8679	1
640	658	-17.990	0.000	0.7233	0.6013	1
640	659	-15.995	0.000	0.9636	0.9084	1
640	662	-16.998	0.000	0.7507	0.5959	1
640	682	-15.995	0.000	0.9576	0.8971	1
641	668	-82.983	0.000	0.7388	0.5862	1
643	656	-14.016	0.000	0.9249	0.7115	1
643	710	-42.047	0.000	0.8892	0.6489	1
643	751	-56.063	0.000	0.9106	0.6964	1
643	786	-84.094	0.000	0.8959	0.7105	1
644	674	0.000	0.000	0.9904	0.8692	1
644	863	0.000	0.000	0.9869	0.8679	1
645	671	18.010	0.000	0.7652	0.6848	1
645	692	-28.032	0.000	0.7149	0.5476	1
645	699	3.995	0.000	0.8777	0.8396	1
645	733	-10.021	0.000	0.7185	0.6427	1
651	708	-42.047	0.000	0.7782	0.6762	1
651	733	-42.047	0.000	0.7069	0.6889	1
651	746	-56.063	0.000	0.8263	0.6872	1
651	766	-70.078	0.000	0.8117	0.7132	1
656	684	-14.016	0.000	0.9029	0.7316	1
656	710	-28.031	0.000	0.9242	0.7356	1
656	751	-42.047	0.000	0.9155	0.6719	1
656	786	-70.078	0.000	0.9240	0.7542	1
658	659	1.994	0.000	0.7886	0.7201	1
658	661	-1.004	0.000	0.8155	0.7088	1
658	662	0.992	0.000	0.9556	0.9001	1
658	679	-1.004	0.000	0.8505	0.7375	1
658	682	1.994	0.000	0.7937	0.7201	1
659	662	-1.003	0.000	0.7691	0.6294	1
659	682	-0.000	0.000	0.9959	0.9703	1
661	679	0.000	0.000	0.9661	0.8760	1
662	682	1.003	0.000	0.7695	0.6294	1
669	671	1.003	0.000	0.8500	0.6729	1
669	729	-28.032	0.000	0.8174	0.6801	1
670	734	-29.035	0.000	0.7617	0.6974	1
671	699	-14.016	0.000	0.8852	0.7401	1
671	733	-28.032	0.000	0.8504	0.6739	1
671	754	-42.047	0.000	0.8052	0.6512	1
671	771	-56.063	0.000	0.8847	0.7195	1
673	685	16.031	0.000	0.7415	0.4721	1
673	715	18.010	0.000	0.8549	0.6402	1
673	755	-10.021	0.000	0.8866	0.6728	1
673	763	-10.021	0.000	0.8842	0.7065	1
673	822	-66.084	0.000	0.7821	0.6130	1
674	862	-41.026	0.000	0.9331	0.7800	1
674	863	0.000	0.000	0.9832	0.8326	1
684	691	-1.003	0.000	0.8111	0.7286	1
684	710	-14.016	0.000	0.9141	0.6957	1
684	714	-15.995	0.000	0.8202	0.6779	1
684	786	-56.062	0.000	0.9176	0.7024	1
685	708	-14.016	0.000	0.8585	0.8129	1
685	710	-2.016	0.000	0.7366	0.5080	1
685	715	1.979	0.000	0.7492	0.5123	1
685	746	-28.032	0.000	0.7801	0.7312	1
685	755	-26.052	0.000	0.7680	0.4775	1
685	759	-24.037	0.000	0.7492	0.6635	1
685	763	-26.052	0.000	0.7974	0.5633	1
685	766	-42.047	0.000	0.8274	0.7561	1
685	822	-82.116	0.000	0.7398	0.4797	1
687	691	1.003	0.000	0.7332	0.5631	1
687	709	-13.013	0.000	0.7013	0.5631	1
687	749	-28.031	0.000	0.8693	0.6975	1
688	690	-259.157	0.000	0.9839	0.7598	1
688	693	-44.026	0.000	0.8015	0.5855	1
688	704	-0.000	0.000	0.9641	0.7216	1
691	701	-29.007	0.000	0.7189	0.5480	1
691	709	-14.016	0.000	0.9140	0.7346	1
691	750	-28.031	0.000	0.9092	0.7999	1
692	746	3.995	0.000	0.7141	0.6024	1
694	695	49.053	0.000	0.8345	0.7510	1
699	708	-14.016	0.000	0.7317	0.7209	1
699	733	-14.016	0.000	0.9112	0.8177	1
699	746	-28.031	0.000	0.7278	0.6689	1
699	754	-28.031	0.000	0.8042	0.6469	1
699	766	-42.047	0.000	0.7052	0.6306	1
699	771	-42.047	0.000	0.8748	0.7696	1
700	751	13.979	0.000	0.7050	0.4605	1
701	714	14.015	0.000	0.8065	0.7200	1
708	710	12.000	0.000	0.7247	0.5338	1
708	733	-0.000	0.000	0.7037	0.7020	1
708	746	-14.016	0.000	0.9287	0.8712	1
708	751	-2.016	0.000	0.7156	0.4484	1
708	763	-12.036	0.000	0.7208	0.5361	1
708	766	-28.031	0.000	0.9028	0.8009	1
709	710	1.003	0.000	0.7571	0.6324	1
709	749	-15.019	0.000	0.7043	0.5192	1
709	750	-14.016	0.000	0.8809	0.6698	1
710	751	-14.016	0.000	0.9229	0.7113	1
710	786	-42.047	0.000	0.9513	0.8070	1
712	773	-28.031	0.000	0.9218	0.7343	1
714	781	-38.052	0.000	0.7773	0.6185	1
715	755	-28.031	0.000	0.8774	0.6348	1
715	759	-26.016	0.000	0.7031	0.4281	1
715	763	-28.031	0.000	0.8732	0.6751	1
716	718	27.995	0.000	0.9726	0.8594	1
716	720	-49.053	0.000	0.8428	0.7468	1
716	725	-32.026	0.000	0.9186	0.8262	1
718	720	-77.048	0.000	0.7910	0.6465	1
718	725	-60.021	0.000	0.8974	0.7491	1
720	725	17.027	0.000	0.9514	0.8935	1
729	731	-1.003	0.000	0.9035	0.8258	1
729	733	1.003	0.000	0.7948	0.6865	1
732	738	15.995	0.000	0.7251	0.5347	1
733	746	-14.016	0.000	0.7737	0.7501	1
733	754	-14.015	0.000	0.8515	0.7556	1
733	766	-28.031	0.000	0.7530	0.6911	1
733	771	-28.031	0.000	0.9166	0.8321	1
736	756	-14.016	0.000	0.9428	0.7665	1
736	775	-28.031	0.000	0.9364	0.7332	1
746	766	-14.015	0.000	0.9419	0.8623	1
747	748	-28.031	0.000	0.9198	0.8105	1
750	789	-38.052	0.000	0.7493	0.8021	1
751	786	-28.031	0.000	0.9410	0.7443	1
754	766	-14.016	0.000	0.7002	0.6498	1
754	771	-14.016	0.000	0.7945	0.6752	1
755	760	12.000	0.000	0.7013	0.5856	1
755	763	-0.000	0.000	0.9680	0.7983	1
755	786	-18.011	0.000	0.7102	0.4982	1
755	789	-29.035	0.000	0.8401	0.7310	1
755	822	-56.063	0.000	0.8754	0.6507	1
756	761	-27.995	0.000	0.7624	0.5288	1
756	775	-14.015	0.000	0.9117	0.7024	1
757	758	-28.031	0.000	0.7026	0.5224	1
759	763	-2.016	0.000	0.7064	0.6090	1
759	787	-28.031	0.000	0.7042	0.6378	1
761	775	13.979	0.000	0.7763	0.5132	1
763	766	-15.995	0.000	0.7379	0.5692	1
763	781	-15.995	0.000	0.7165	0.4389	1
763	789	-29.035	0.000	0.8344	0.6818	1
763	822	-56.063	0.000	0.8633	0.6172	1
766	786	-2.016	0.000	0.7049	0.4662	1
769	784	146.058	0.000	0.8670	0.7262	1
769	785	-14.016	0.000	0.9624	0.9098	1
769	793	-28.031	0.000	0.9147	0.8760	1
769	794	-11.005	0.000	0.7597	0.7051	1
769	802	-42.045	0.000	0.9649	0.9300	1
769	819	-54.045	0.000	0.8626	0.8172	1
769	829	-56.062	0.000	0.9280	0.8741	1
769	837	-82.078	0.000	0.8615	0.7864	1
769	847	-84.093	0.000	0.8072	0.7609	1
776	778	-17.027	0.000	0.7963	0.8433	1
783	824	-42.046	0.000	0.8918	0.5991	1
783	843	-56.061	0.000	0.8805	0.6743	1
784	799	-14.015	0.000	0.9619	0.9175	1
784	805	-29.033	0.000	0.9033	0.7847	1
784	812	-28.030	0.000	0.8009	0.7177	1
784	831	-42.046	0.000	0.9376	0.8553	1
784	833	-54.047	0.000	0.8304	0.7594	1
784	842	-56.061	0.000	0.9239	0.8413	1
784	849	-84.094	0.000	0.7229	0.6171	1
785	793	-14.015	0.000	0.9037	0.8422	1
785	794	3.011	0.000	0.7598	0.7180	1
785	799	146.058	0.000	0.8913	0.7674	1
785	802	-28.029	0.000	0.9662	0.9236	1
785	819	-40.029	0.000	0.9092	0.8611	1
785	829	-42.046	0.000	0.9636	0.9268	1
785	837	-68.062	0.000	0.8748	0.8119	1
785	847	-70.077	0.000	0.8182	0.7800	1
789	822	-27.029	0.000	0.7570	0.5732	1
791	793	3.008	0.000	0.7238	0.5205	1
791	794	20.035	0.000	0.7226	0.5638	1
791	805	148.064	0.000	0.7930	0.6085	1
791	817	146.059	0.000	0.8434	0.7221	1
792	794	-292.116	0.000	0.7373	0.5046	1
792	798	-17.027	0.000	0.9656	0.8643	1
792	801	18.010	0.000	0.9419	0.8785	1
792	806	188.142	0.000	0.7330	0.6659	1
792	807	18.012	0.000	0.9537	0.8785	1
792	808	-667.412	0.000	0.7613	0.6095	1
792	810	-146.057	0.000	0.9381	0.8276	1
792	811	0.001	0.000	0.9880	0.9347	1
792	812	-163.084	0.000	0.8129	0.6539	1
792	814	-17.025	0.000	0.9825	0.9387	1
792	830	-28.031	0.000	0.8193	0.7140	1
792	836	-26.016	0.000	0.7582	0.6153	1
792	844	-28.031	0.000	0.8332	0.7211	1
793	794	17.026	0.000	0.9502	0.8933	1
793	795	-650.389	0.000	0.8049	0.7427	1
793	802	-14.014	0.000	0.9080	0.8626	1
793	808	-358.269	0.000	0.8361	0.7352	1
793	810	163.086	0.000	0.7286	0.5959	1
793	812	146.059	0.000	0.8757	0.7362	1
793	819	-26.014	0.000	0.9022	0.8790	1
793	825	-11.005	0.000	0.7801	0.7148	1
793	829	-28.031	0.000	0.9207	0.8824	1
793	837	-54.047	0.000	0.8228	0.7257	1
793	847	-56.062	0.000	0.7538	0.7032	1
794	795	-667.415	0.000	0.8171	0.7633	1
794	798	275.090	0.000	0.7626	0.5395	1
794	801	310.127	0.000	0.7142	0.4871	1
794	802	-31.040	0.000	0.7453	0.6927	1
794	807	310.128	0.000	0.7149	0.4635	1
794	808	-375.295	0.000	0.8194	0.6627	1
794	810	146.060	0.000	0.8062	0.6091	1
794	811	292.118	0.000	0.7306	0.5249	1
794	812	129.033	0.000	0.8798	0.7189	1
794	814	275.091	0.000	0.7605	0.5307	1
794	819	-43.040	0.000	0.7525	0.6955	1
794	825	-28.031	0.000	0.8908	0.8430	1
794	829	-45.057	0.000	0.7488	0.6888	1
795	808	292.120	0.000	0.8337	0.6415	1
795	810	813.475	0.000	0.7367	0.5459	1
795	812	796.448	0.000	0.7785	0.5973	1
796	819	-401.313	0.000	0.7006	0.5393	1
798	801	35.037	0.000	0.9146	0.7900	1
798	807	35.038	0.000	0.9192	0.7900	1
798	808	-650.385	0.000	0.7957	0.6532	1
798	810	-129.030	0.000	0.9654	0.8907	1
798	811	17.028	0.000	0.9618	0.8877	1
798	812	-146.057	0.000	0.8475	0.6970	1
798	814	0.001	0.000	0.9811	0.8986	1
798	830	-11.004	0.000	0.7455	0.6741	1
798	836	-8.989	0.000	0.7392	0.6060	1
798	844	-11.004	0.000	0.8049	0.7211	1
799	805	-15.017	0.000	0.9371	0.8344	1
799	812	-14.014	0.000	0.7377	0.6564	1
799	831	-28.031	0.000	0.9347	0.8452	1
799	833	-40.031	0.000	0.8793	0.8387	1
799	842	-42.046	0.000	0.9334	0.8579	1
799	849	-70.078	0.000	0.7416	0.6800	1
800	815	146.059	0.000	0.7561	0.5505	1
800	820	-26.013	0.000	0.9657	0.8329	1
800	827	-28.031	0.000	0.9511	0.7894	1
801	806	170.132	0.000	0.7121	0.6269	1
801	807	0.001	0.000	0.9930	0.9680	1
801	810	-164.067	0.000	0.8731	0.7448	1
801	811	-18.009	0.000	0.9478	0.8785	1
801	812	-181.094	0.000	0.7675	0.5955	1
801	814	-35.036	0.000	0.9241	0.8414	1
801	830	-46.042	0.000	0.7528	0.6264	1
801	836	-44.026	0.000	0.7089	0.5414	1
801	844	-46.041	0.000	0.7863	0.6454	1
802	819	-12.000	0.000	0.9057	0.8969	1
802	829	-14.017	0.000	0.9718	0.9459	1
802	831	146.056	0.000	0.8975	0.8015	1
802	837	-40.033	0.000	0.8581	0.7777	1
802	839	-28.032	0.000	0.9685	0.9147	1
802	847	-42.048	0.000	0.7798	0.7452	1
805	808	-503.325	0.000	0.7392	0.5965	1
805	810	18.030	0.000	0.7278	0.5714	1
805	812	1.003	0.000	0.8285	0.6999	1
805	817	-2.005	0.000	0.8551	0.7693	1
805	831	-13.014	0.000	0.9186	0.8325	1
805	833	-25.014	0.000	0.8740	0.8448	1
805	842	-27.029	0.000	0.9338	0.8591	1
806	807	-170.130	0.000	0.7182	0.6533	1
806	811	-188.141	0.000	0.7622	0.6734	1
806	813	18.010	0.000	0.8073	0.7357	1
807	810	-164.068	0.000	0.8798	0.7448	1
807	811	-18.010	0.000	0.9549	0.8785	1
807	812	-181.095	0.000	0.7768	0.5955	1
807	814	-35.037	0.000	0.9353	0.8414	1
807	830	-46.043	0.000	0.7606	0.6264	1
807	836	-44.027	0.000	0.7215	0.5414	1
807	844	-46.042	0.000	0.7952	0.6454	1
808	810	521.355	0.000	0.8751	0.8159	1
808	811	667.413	0.000	0.7422	0.6095	1
808	812	504.328	0.000	0.9392	0.8794	1
808	814	650.386	0.000	0.7923	0.6419	1
808	818	476.297	0.000	0.7203	0.4549	1
810	811	146.058	0.000	0.9305	0.8483	1
810	812	-17.027	0.000	0.9093	0.8328	1
810	814	129.031	0.000	0.9581	0.8599	1
810	830	118.026	0.000	0.7041	0.6112	1
810	836	120.041	0.000	0.7368	0.6060	1
810	844	118.026	0.000	0.7640	0.6640	1
811	812	-163.085	0.000	0.8004	0.6539	1
811	814	-17.027	0.000	0.9756	0.9347	1
811	830	-28.032	0.000	0.8372	0.7770	1
811	836	-26.017	0.000	0.7626	0.6408	1
811	844	-28.032	0.000	0.8494	0.7844	1
812	814	146.058	0.000	0.8426	0.6970	1
812	818	-28.031	0.000	0.7318	0.5040	1
812	831	-14.017	0.000	0.8106	0.7041	1
812	833	-26.017	0.000	0.7951	0.6806	1
812	842	-28.032	0.000	0.8118	0.7040	1
814	830	-11.006	0.000	0.7691	0.6741	1
814	836	-8.990	0.000	0.7497	0.6060	1
814	844	-11.005	0.000	0.8194	0.7211	1
818	845	-28.032	0.000	0.7533	0.6854	1
819	829	-2.017	0.000	0.8815	0.8588	1
819	833	146.056	0.000	0.8347	0.7288	1
819	835	118.025	0.000	0.7184	0.6473	1
819	837	-28.033	0.000	0.8747	0.7800	1
819	840	-28.032	0.000	0.9700	0.8969	1
820	827	-2.017	0.000	0.9503	0.7942	1
820	834	146.056	0.000	0.7745	0.5917	1
824	843	-14.015	0.000	0.8557	0.5730	1
825	828	-695.447	0.000	0.7809	0.7294	1
825	829	-17.026	0.000	0.9193	0.8822	1
825	842	129.032	0.000	0.8734	0.7540	1
825	844	292.117	0.000	0.7099	0.5577	1
825	847	-45.057	0.000	0.8047	0.7746	1
825	849	101.000	0.000	0.7380	0.6637	1
828	829	678.420	0.000	0.7792	0.7375	1
828	842	824.479	0.000	0.7481	0.6079	1
829	837	-26.016	0.000	0.8825	0.8156	1
829	839	-14.015	0.000	0.9644	0.9148	1
829	840	-26.015	0.000	0.9304	0.9066	1
829	842	146.058	0.000	0.8674	0.7632	1
829	847	-28.031	0.000	0.9293	0.8823	1
829	849	118.026	0.000	0.7618	0.7162	1
830	836	2.015	0.000	0.8257	0.7524	1
830	842	-163.084	0.000	0.7610	0.6468	1
830	844	0.000	0.000	0.9484	0.8859	1
830	849	-191.117	0.000	0.7131	0.5444	1
831	833	-12.000	0.000	0.8592	0.8091	1
831	842	-14.015	0.000	0.8991	0.8555	1
833	835	-28.031	0.000	0.8027	0.6511	1
833	836	163.085	0.000	0.8158	0.7560	1
833	842	-2.015	0.000	0.8744	0.8375	1
833	848	-28.031	0.000	0.9343	0.8252	1
835	845	-2.015	0.000	0.7103	0.6233	1
836	844	-2.015	0.000	0.7993	0.7385	1
837	847	-2.015	0.000	0.7179	0.7328	1
839	840	-11.999	0.000	0.8784	0.8219	1
839	847	-14.016	0.000	0.8503	0.7818	1
840	847	-2.016	0.000	0.8235	0.7574	1
840	848	146.057	0.000	0.8624	0.7595	1
842	844	163.085	0.000	0.7912	0.7295	1
842	845	-28.031	0.000	0.7984	0.7096	1
842	847	-174.089	0.000	0.7021	0.6293	1
842	848	-26.016	0.000	0.9139	0.8857	1
842	849	-28.032	0.000	0.9004	0.7960	1
844	849	-191.117	0.000	0.7223	0.5830	1
847	849	146.057	0.000	0.8395	0.7717	1
850	851	0.000	0.000	0.9997	1.0000	1
850	852	0.000	0.000	0.9985	1.0000	1
851	852	0.000	0.000	0.9989	1.0000	1
855	857	41.026	0.000	0.8796	0.7997	1
859	865	41.003	0.000	0.7535	0.5907	1
862	863	41.026	0.000	0.9216	0.8040	1
864	867	41.026	0.000	0.7470	0.6189	1
865	868	41.027	0.000	0.8311	0.6591	1
